timestamp,city,temperature,feels_like,temp_min,temp_max,pressure,humidity,wind_speed,wind_deg,clouds,weather_main,weather_description,aqi,pm2_5,pm10,co,no2,o3,so2,hour,month
2026-04-22 15:59:39.451662,Mumbai,34.28,35.56,32.74,37.72,1019,91,7.54,293,78,Mist,mist,1,26.65,38.1,200.78,79.42,77.92,25.24,15.0,4.0
2026-04-22 17:26:03.451662,Kolkata,26.64,26.1,23.92,28.48,1013,53,0.87,88,21,Clear,clear sky,2,45.43,66.34,1165.63,65.63,43.51,5.71,17.0,4.0
2026-04-22 18:52:27.451662,Chennai,31.1,30.62,27.66,34.15,1014,58,8.47,269,11,Clear,clear sky,2,45.6,58.63,927.27,29.49,72.75,21.79,18.0,4.0
2026-04-22 20:18:51.451662,Mumbai,27.9,27.41,26.37,29.8,1006,91,6.49,288,88,Rain,heavy intensity rain,1,15.59,19.28,805.96,74.47,81.62,36.77,20.0,4.0
2026-04-22 21:45:15.451662,Mumbai,26.21,24.95,22.77,29.41,1021,50,6.58,254,12,Clear,sunny,3,68.24,112.23,456.07,8.03,88.17,6.21,21.0,4.0
2026-04-22 23:11:39.451662,Delhi,20.1,20.97,16.84,22.85,1019,70,2.87,133,47,Haze,haze,4,122.39,186.98,656.53,21.38,55.82,35.56,23.0,4.0
2026-04-23 00:38:03.451662,Mumbai,23.84,22.98,21.27,26.31,1008,72,6.32,233,76,Clouds,scattered clouds,1,13.81,10.22,537.62,75.72,45.55,21.71,0.0,4.0
2026-04-23 02:04:27.451662,Chennai,26.26,26.82,24.66,28.32,1032,95,8.2,125,86,Thunderstorm,thunderstorm with heavy rain,2,31.11,46.45,344.89,41.71,118.42,11.2,2.0,4.0
2026-04-23 03:30:51.451662,Delhi,25.18,23.78,22.66,28.07,1016,52,7.77,251,64,Clouds,scattered clouds,3,84.49,126.56,877.56,6.24,66.33,10.61,3.0,4.0
2026-04-23 04:57:15.451662,Pune,21.91,22.42,19.95,23.76,1016,77,8.84,59,89,Drizzle,light intensity drizzle,3,66.27,106.82,460.83,79.72,116.2,23.22,4.0,4.0
2026-04-23 06:23:39.451662,Ahmedabad,29.78,29.38,28.26,31.48,1019,63,6.07,348,58,Clouds,broken clouds,1,9.04,23.3,483.92,27.9,63.42,19.04,6.0,4.0
2026-04-23 07:50:03.451662,Delhi,28.29,27.23,26.3,31.74,1006,46,3.72,263,9,Clear,clear sky,4,95.62,150.95,831.14,64.61,65.29,23.92,7.0,4.0
2026-04-23 09:16:27.451662,Pune,27.43,27.76,24.0,30.86,1018,87,7.72,190,73,Drizzle,drizzle,1,28.51,41.67,505.7,19.32,39.53,20.44,9.0,4.0
2026-04-23 10:42:51.451662,Kolkata,31.32,31.89,29.55,34.24,1009,77,5.11,169,61,Mist,mist,3,68.86,114.41,1009.36,65.76,105.38,36.7,10.0,4.0
2026-04-23 12:09:15.451662,Chennai,37.77,38.01,35.11,39.34,1011,91,4.35,62,71,Mist,mist,4,110.28,170.63,1181.84,67.92,104.64,11.51,12.0,4.0
2026-04-23 13:35:39.451662,Mumbai,31.84,33.37,30.06,33.61,1007,92,8.73,105,70,Mist,mist,4,101.66,156.64,522.96,64.64,39.79,18.68,13.0,4.0
2026-04-23 15:02:03.451662,Pune,28.38,27.22,25.66,30.72,1026,29,2.46,143,15,Clear,clear sky,3,79.81,106.82,358.65,14.01,47.61,5.49,15.0,4.0
2026-04-23 16:28:27.451662,Hyderabad,30.08,29.47,26.68,33.35,1014,82,2.57,249,100,Thunderstorm,thunderstorm with rain,2,43.94,70.71,1133.44,42.58,69.33,27.99,16.0,4.0
2026-04-23 17:54:51.451662,Kolkata,31.15,31.65,28.01,33.95,1022,74,2.1,284,46,Haze,haze,2,54.34,95.98,269.36,12.56,12.0,5.59,17.0,4.0
2026-04-23 19:21:15.451662,Ahmedabad,27.98,28.26,24.87,30.04,1017,70,1.84,191,45,Clouds,few clouds,3,78.87,115.46,775.92,59.87,24.05,11.5,19.0,4.0
2026-04-23 20:47:39.451662,Pune,25.07,24.91,22.79,27.17,1039,86,1.17,99,90,Rain,light rain,1,14.44,28.52,210.84,72.9,20.04,14.13,20.0,4.0
2026-04-23 22:14:03.451662,Kolkata,27.54,26.69,24.94,29.92,1012,80,8.02,234,100,Rain,heavy intensity rain,4,137.49,196.66,905.83,77.65,85.68,33.8,22.0,4.0
2026-04-23 23:40:27.451662,Hyderabad,23.25,21.87,20.02,26.51,1001,52,2.36,326,85,Clouds,scattered clouds,1,17.83,24.88,1186.0,61.5,51.39,5.17,23.0,4.0
2026-04-24 01:06:51.451662,Mumbai,25.64,25.86,22.65,28.31,1006,74,8.67,190,57,Clouds,few clouds,1,16.72,17.06,677.71,11.22,68.12,18.58,1.0,4.0
2026-04-24 02:33:15.451662,Chennai,24.82,24.2,22.73,28.31,1008,46,6.36,258,9,Clear,sunny,3,62.26,95.67,1101.16,8.41,40.91,38.12,2.0,4.0
2026-04-24 03:59:39.451662,Mumbai,26.3,26.68,24.18,29.43,1028,79,6.26,45,62,Drizzle,light intensity drizzle,3,62.33,89.29,276.2,75.54,55.83,24.08,3.0,4.0
2026-04-24 05:26:03.451662,Mumbai,28.92,28.66,25.76,31.56,1024,51,0.85,104,0,Clear,sunny,5,206.51,321.98,614.82,25.51,16.2,34.86,5.0,4.0
2026-04-24 06:52:27.451662,Kolkata,29.01,29.45,27.05,31.85,1017,84,5.68,347,66,Mist,mist,3,63.87,100.79,468.67,6.66,64.8,20.1,6.0,4.0
2026-04-24 08:18:51.451662,Hyderabad,29.72,31.22,26.41,32.45,1017,93,8.83,305,61,Mist,mist,2,53.54,100.62,789.92,34.42,58.12,36.36,8.0,4.0
2026-04-24 09:45:15.451662,Hyderabad,31.84,31.67,29.82,34.26,1019,84,8.83,52,93,Mist,mist,4,98.82,150.88,547.41,20.68,73.76,14.98,9.0,4.0
2026-04-24 11:11:39.451662,Chennai,33.57,33.94,30.12,36.27,1021,91,2.25,276,85,Rain,heavy intensity rain,3,72.35,113.01,368.94,25.89,29.47,5.37,11.0,4.0
2026-04-24 12:38:03.451662,Kolkata,33.84,31.91,30.59,37.18,1014,22,0.83,25,9,Clear,clear sky,1,24.99,37.77,1068.3,11.34,75.7,39.48,12.0,4.0
2026-04-24 14:04:27.451662,Bangalore,29.53,29.43,26.34,32.53,1006,72,0.57,273,70,Clouds,scattered clouds,1,8.69,15.05,647.41,44.95,36.67,12.23,14.0,4.0
2026-04-24 15:30:51.451662,Bangalore,27.26,26.65,24.76,28.93,1018,50,4.97,33,57,Clouds,overcast clouds,3,77.81,113.91,757.74,48.99,72.09,16.39,15.0,4.0
2026-04-24 16:57:15.451662,Pune,29.57,29.38,27.7,31.64,1009,86,1.81,310,83,Rain,moderate rain,1,8.82,17.73,1042.31,8.87,12.01,28.48,16.0,4.0
2026-04-24 18:23:39.451662,Chennai,33.2,31.97,30.02,35.11,1033,46,8.72,323,8,Clear,sunny,4,133.11,199.07,625.44,43.07,36.67,6.36,18.0,4.0
2026-04-24 19:50:03.451662,Delhi,23.42,22.97,20.56,26.44,1019,87,5.48,37,100,Rain,light rain,2,40.1,47.26,611.84,31.17,112.25,33.56,19.0,4.0
2026-04-24 21:16:27.451662,Delhi,23.72,22.23,21.89,25.55,1017,27,7.39,77,2,Clear,sunny,4,98.39,160.23,723.07,31.91,106.49,16.91,21.0,4.0
2026-04-24 22:42:51.451662,Pune,21.29,21.13,19.66,23.25,994,66,5.02,197,65,Clouds,broken clouds,2,40.66,73.08,1139.83,52.08,46.84,7.29,22.0,4.0
2026-04-25 00:09:15.451662,Mumbai,25.76,26.37,22.51,27.94,1016,84,7.44,158,92,Rain,light rain,2,37.45,59.41,578.82,39.28,76.44,21.09,0.0,4.0
2026-04-25 01:35:39.451662,Hyderabad,21.64,22.16,18.22,23.83,1015,65,2.28,22,41,Clouds,scattered clouds,3,81.49,121.15,662.01,76.05,26.87,24.28,1.0,4.0
2026-04-25 03:02:03.451662,Ahmedabad,30.13,29.63,27.48,32.84,1016,52,3.99,28,10,Clear,sunny,3,87.67,137.31,304.25,68.03,110.18,6.67,3.0,4.0
2026-04-25 04:28:27.451662,Ahmedabad,26.56,26.99,24.65,29.64,1007,45,5.55,290,1,Clear,clear sky,2,48.24,63.57,598.17,45.3,111.18,15.16,4.0,4.0
2026-04-25 05:54:51.451662,Kolkata,29.61,29.83,27.39,32.27,1011,82,5.8,155,89,Rain,light rain,2,44.95,66.23,412.68,43.64,117.31,19.44,5.0,4.0
2026-04-25 07:21:15.451662,Chennai,34.96,34.7,32.52,37.71,1022,82,3.59,143,79,Rain,heavy intensity rain,2,42.8,55.26,764.84,9.93,95.31,19.22,7.0,4.0
2026-04-25 08:47:39.451662,Kolkata,27.52,27.21,25.2,29.07,1002,53,1.66,177,44,Clouds,overcast clouds,5,206.0,306.96,1066.99,35.6,70.69,11.65,8.0,4.0
2026-04-25 10:14:03.451662,Pune,30.37,30.66,27.16,33.53,1005,84,3.76,164,91,Rain,moderate rain,1,7.49,2.81,341.08,35.48,45.64,5.3,10.0,4.0
2026-04-25 11:40:27.451662,Chennai,38.87,39.07,36.61,41.55,1006,94,2.63,260,69,Mist,mist,4,139.05,222.69,545.19,63.04,49.9,34.72,11.0,4.0
2026-04-25 13:06:51.451662,Ahmedabad,34.3,35.5,32.28,36.08,1018,88,7.56,3,89,Rain,light rain,1,11.72,28.35,332.28,72.54,86.03,27.96,13.0,4.0
2026-04-25 14:33:15.451662,Delhi,31.51,31.83,28.55,33.51,1005,91,5.81,308,64,Mist,mist,3,81.61,116.98,375.37,73.58,56.06,16.56,14.0,4.0
2026-04-25 15:59:39.451662,Bangalore,26.6,25.39,23.66,28.69,1002,35,5.23,97,0,Clear,clear sky,1,14.73,16.05,596.65,76.56,24.85,20.38,15.0,4.0
2026-04-25 17:26:03.451662,Pune,27.74,26.4,24.83,30.44,998,38,4.3,290,11,Clear,clear sky,2,40.33,52.1,1019.1,64.96,86.42,12.34,17.0,4.0
2026-04-25 18:52:27.451662,Pune,23.36,23.97,20.54,26.24,1017,54,7.69,24,0,Clear,sunny,2,56.19,82.48,1103.36,53.5,86.25,3.96,18.0,4.0
2026-04-25 20:18:51.451662,Ahmedabad,27.03,26.99,25.3,29.37,1017,91,7.22,222,84,Rain,heavy intensity rain,2,33.62,71.28,1062.04,68.34,45.1,33.5,20.0,4.0
2026-04-25 21:45:15.451662,Kolkata,25.61,24.82,23.03,28.69,1009,70,3.07,209,85,Clouds,few clouds,3,81.74,118.78,720.17,37.01,106.43,17.87,21.0,4.0
2026-04-25 23:11:39.451662,Mumbai,25.55,24.54,22.89,27.59,1008,36,3.77,358,15,Clear,sunny,1,5.24,6.48,722.52,59.92,10.37,19.76,23.0,4.0
2026-04-26 00:38:03.451662,Hyderabad,24.18,22.88,20.77,27.28,1010,72,2.55,197,96,Drizzle,light intensity drizzle,1,7.74,9.61,1182.33,71.31,76.09,36.34,0.0,4.0
2026-04-26 02:04:27.451662,Kolkata,24.45,24.75,21.69,26.38,1017,83,4.81,19,79,Mist,mist,1,28.93,39.39,1194.91,18.04,53.59,30.81,2.0,4.0
2026-04-26 03:30:51.451662,Bangalore,19.22,19.25,15.94,22.63,1009,86,7.8,8,73,Mist,mist,2,47.4,58.97,529.05,74.87,90.87,12.69,3.0,4.0
2026-04-26 04:57:15.451662,Delhi,24.15,23.95,20.92,27.12,1029,79,4.83,335,96,Rain,heavy intensity rain,5,235.7,361.79,858.45,68.79,105.4,28.92,4.0,4.0
2026-04-26 06:23:39.451662,Kolkata,29.75,29.59,28.25,32.36,1011,77,6.88,11,81,Drizzle,heavy intensity drizzle,1,25.5,37.49,206.39,26.53,77.86,39.29,6.0,4.0
2026-04-26 07:50:03.451662,Bangalore,23.25,23.37,21.39,26.26,1021,84,7.16,351,70,Drizzle,heavy intensity drizzle,1,15.81,18.35,970.85,76.05,28.3,31.3,7.0,4.0
2026-04-26 09:16:27.451662,Mumbai,33.18,32.88,30.04,35.42,1011,53,7.42,57,7,Clear,sunny,3,77.83,132.03,201.03,16.92,61.54,37.88,9.0,4.0
2026-04-26 10:42:51.451662,Chennai,38.28,36.16,36.14,41.23,1008,46,6.79,162,50,Clouds,scattered clouds,4,147.79,218.85,231.13,53.88,50.54,34.85,10.0,4.0
2026-04-26 12:09:15.451662,Hyderabad,33.76,32.49,32.19,37.1,1015,40,5.66,45,15,Clear,clear sky,3,82.83,130.03,662.1,5.09,75.82,25.08,12.0,4.0
2026-04-26 13:35:39.451662,Delhi,32.38,32.03,30.74,34.66,1012,67,4.48,94,53,Clouds,broken clouds,4,108.62,167.45,921.89,54.27,93.28,38.2,13.0,4.0
2026-04-26 15:02:03.451662,Ahmedabad,33.92,34.05,30.87,37.3,1003,89,0.93,224,76,Mist,mist,1,17.06,18.3,287.87,31.3,13.65,4.99,15.0,4.0
2026-04-26 16:28:27.451662,Mumbai,31.0,31.73,29.44,34.37,1020,87,0.75,40,91,Rain,moderate rain,2,33.14,54.29,909.06,70.32,88.55,32.47,16.0,4.0
2026-04-26 17:54:51.451662,Kolkata,31.87,31.18,28.92,34.56,1003,42,5.96,24,9,Clear,clear sky,3,61.22,95.54,1071.78,21.44,117.35,14.8,17.0,4.0
2026-04-26 19:21:15.451662,Delhi,26.49,26.53,24.59,29.35,1013,86,0.93,206,89,Drizzle,light intensity drizzle,3,89.89,138.33,457.68,39.7,105.51,29.63,19.0,4.0
2026-04-26 20:47:39.451662,Mumbai,26.78,25.76,24.07,29.48,1010,60,7.2,294,74,Clouds,few clouds,3,77.64,119.24,476.83,49.43,110.36,10.01,20.0,4.0
2026-04-26 22:14:03.451662,Ahmedabad,27.88,27.93,25.89,31.12,1022,86,4.17,230,87,Mist,mist,2,37.13,57.78,559.23,49.47,27.99,16.86,22.0,4.0
2026-04-26 23:40:27.451662,Bangalore,17.23,18.03,15.06,20.39,1002,90,4.05,275,62,Mist,mist,1,6.84,14.08,787.88,76.14,37.78,15.65,23.0,4.0
2026-04-27 01:06:51.451662,Ahmedabad,27.28,26.54,25.71,30.75,1031,51,1.37,292,79,Clouds,scattered clouds,3,85.93,136.66,1136.61,7.95,23.43,19.18,1.0,4.0
2026-04-27 02:33:15.451662,Kolkata,24.38,23.36,21.55,26.16,1036,89,0.56,300,96,Rain,heavy intensity rain,5,218.21,330.94,343.54,75.49,90.62,8.17,2.0,4.0
2026-04-27 03:59:39.451662,Pune,23.36,22.34,21.63,26.45,1017,27,8.29,0,3,Clear,clear sky,1,25.77,38.44,415.68,54.42,53.33,26.75,3.0,4.0
2026-04-27 05:26:03.451662,Chennai,31.16,31.45,27.81,33.54,1018,82,8.14,278,96,Thunderstorm,thunderstorm with heavy rain,2,33.27,51.55,635.58,66.34,23.22,22.69,5.0,4.0
2026-04-27 06:52:27.451662,Kolkata,27.08,26.56,24.06,29.58,1004,65,5.02,327,75,Drizzle,drizzle,1,19.68,43.67,719.08,40.94,12.82,14.97,6.0,4.0
2026-04-27 08:18:51.451662,Hyderabad,28.42,28.47,26.43,31.77,1015,81,0.82,276,94,Rain,moderate rain,3,81.54,126.82,679.18,19.59,28.3,25.46,8.0,4.0
2026-04-27 09:45:15.451662,Ahmedabad,36.61,35.85,34.75,39.47,1011,57,1.88,158,31,Haze,haze,3,68.18,89.71,909.05,13.02,72.4,11.75,9.0,4.0
2026-04-27 11:11:39.451662,Chennai,36.8,36.95,34.84,38.72,1013,81,5.62,120,71,Mist,mist,5,240.24,356.92,1039.86,72.5,48.88,11.0,11.0,4.0
2026-04-27 12:38:03.451662,Mumbai,33.92,34.24,30.95,37.15,1015,93,2.19,149,62,Mist,mist,3,73.55,112.56,223.64,53.15,76.78,22.77,12.0,4.0
2026-04-27 14:04:27.451662,Delhi,30.49,30.16,27.78,32.66,1008,71,8.18,108,95,Rain,heavy intensity rain,3,73.37,117.44,279.42,11.42,108.36,9.29,14.0,4.0
2026-04-27 15:30:51.451662,Chennai,33.88,33.19,31.08,36.45,1013,45,3.12,258,48,Clouds,scattered clouds,4,104.02,156.3,390.32,8.93,51.63,15.79,15.0,4.0
2026-04-27 16:57:15.451662,Delhi,29.48,29.12,27.98,31.58,1010,66,8.84,2,89,Clouds,few clouds,2,42.28,68.98,1127.18,22.6,53.92,7.79,16.0,4.0
2026-04-27 18:23:39.451662,Delhi,28.82,28.87,27.25,30.93,1020,80,2.59,65,90,Rain,light rain,2,54.78,79.7,580.91,30.97,36.3,21.37,18.0,4.0
2026-04-27 19:50:03.451662,Mumbai,27.88,28.64,25.62,31.14,1012,74,7.85,133,24,Haze,haze,5,277.71,423.27,341.28,20.9,100.06,14.26,19.0,4.0
2026-04-27 21:16:27.451662,Hyderabad,25.53,25.28,22.38,28.36,1012,75,1.36,24,82,Rain,light rain,4,139.76,212.05,432.55,11.0,95.44,6.64,21.0,4.0
2026-04-27 22:42:51.451662,Chennai,28.66,27.76,25.17,30.28,1012,60,6.35,82,53,Haze,haze,3,64.56,86.58,370.66,10.6,96.1,12.08,22.0,4.0
2026-04-28 00:09:15.451662,Ahmedabad,25.82,25.86,22.87,28.9,1016,70,3.82,255,72,Drizzle,light intensity drizzle,2,35.21,46.87,394.62,32.58,55.55,33.45,0.0,4.0
2026-04-28 01:35:39.451662,Bangalore,20.49,19.22,18.56,22.01,1004,28,2.4,212,11,Clear,sunny,1,24.01,35.89,398.86,9.85,14.69,16.11,1.0,4.0
2026-04-28 03:02:03.451662,Chennai,29.69,28.63,26.62,32.97,994,74,8.61,16,91,Rain,moderate rain,3,71.28,100.02,858.69,75.71,98.98,4.9,3.0,4.0
2026-04-28 04:28:27.451662,Pune,23.99,23.04,21.59,27.25,1010,51,1.22,86,59,Clouds,scattered clouds,2,43.5,75.74,880.23,8.13,19.33,29.22,4.0,4.0
2026-04-28 05:54:51.451662,Mumbai,27.5,26.88,25.83,30.03,1007,58,8.12,135,48,Clouds,few clouds,3,84.92,113.15,969.22,51.85,52.01,9.82,5.0,4.0
2026-04-28 07:21:15.451662,Pune,27.72,28.58,24.72,30.84,1027,85,6.01,10,81,Mist,mist,4,137.92,207.19,243.74,13.31,75.84,5.61,7.0,4.0
2026-04-28 08:47:39.451662,Pune,29.79,28.19,26.53,31.81,1022,55,5.03,148,62,Clouds,overcast clouds,2,44.88,65.99,955.04,39.54,102.62,29.68,8.0,4.0
2026-04-28 10:14:03.451662,Ahmedabad,35.32,35.77,32.35,37.9,1013,49,5.44,183,6,Clear,clear sky,4,102.81,149.0,811.94,12.94,26.67,5.56,10.0,4.0
2026-04-28 11:40:27.451662,Mumbai,36.33,34.26,33.07,39.15,1008,52,3.01,301,87,Clouds,few clouds,3,86.44,131.64,815.99,19.1,49.09,31.78,11.0,4.0
2026-04-28 13:06:51.451662,Pune,30.63,30.6,28.52,33.88,1009,85,8.97,131,67,Mist,mist,4,112.08,173.31,585.38,53.25,95.84,10.25,13.0,4.0
2026-04-28 14:33:15.451662,Mumbai,34.92,34.7,33.21,36.87,1013,28,6.42,253,1,Clear,clear sky,3,86.23,119.9,686.6,49.95,76.24,2.87,14.0,4.0
2026-04-28 15:59:39.451662,Chennai,37.17,36.72,35.2,39.41,1008,43,0.84,250,14,Clear,clear sky,3,71.2,102.85,966.59,60.02,42.94,8.59,15.0,4.0
2026-04-28 17:26:03.451662,Ahmedabad,31.2,31.19,28.53,34.1,1026,45,8.39,50,6,Clear,clear sky,5,174.79,251.17,1140.68,24.45,57.26,35.16,17.0,4.0
2026-04-28 18:52:27.451662,Pune,25.45,26.14,23.94,27.06,1014,90,2.26,187,68,Mist,mist,1,27.6,52.82,598.84,74.2,61.93,2.51,18.0,4.0
2026-04-28 20:18:51.451662,Kolkata,27.83,28.46,25.64,29.96,1029,92,7.02,69,100,Thunderstorm,thunderstorm with rain,3,64.69,95.12,1099.83,6.64,83.02,38.61,20.0,4.0
2026-04-28 21:45:15.451662,Chennai,29.52,28.04,26.89,31.95,1017,36,8.76,160,11,Clear,clear sky,5,188.48,275.37,351.25,21.9,37.61,34.32,21.0,4.0
2026-04-28 23:11:39.451662,Ahmedabad,26.7,25.63,24.23,28.53,1006,33,8.53,111,9,Clear,clear sky,3,76.31,115.68,416.09,12.32,104.82,19.49,23.0,4.0
2026-04-29 00:38:03.451662,Delhi,20.74,21.32,18.15,23.76,1010,88,6.86,142,87,Mist,mist,4,119.84,179.59,404.88,70.84,106.75,35.08,0.0,4.0
2026-04-29 02:04:27.451662,Mumbai,25.23,24.99,22.42,28.37,1012,91,3.61,196,90,Thunderstorm,thunderstorm with light rain,4,122.32,177.59,1164.48,20.28,67.57,12.91,2.0,4.0
2026-04-29 03:30:51.451662,Bangalore,21.01,20.43,17.72,22.85,1023,82,4.71,219,70,Drizzle,drizzle,2,34.98,60.98,402.02,18.82,108.34,26.86,3.0,4.0
2026-04-29 04:57:15.451662,Ahmedabad,27.2,26.81,23.94,29.55,1016,84,1.71,282,78,Drizzle,drizzle,5,212.66,330.29,886.86,11.98,13.23,33.27,4.0,4.0
2026-04-29 06:23:39.451662,Chennai,31.21,31.1,28.66,33.2,1013,84,1.28,217,94,Thunderstorm,thunderstorm with rain,2,37.63,62.3,300.64,22.99,25.62,15.22,6.0,4.0
2026-04-29 07:50:03.451662,Delhi,30.72,30.38,29.21,33.58,1007,84,1.75,147,94,Drizzle,light intensity drizzle,4,105.24,162.81,427.18,67.78,40.72,26.43,7.0,4.0
2026-04-29 09:16:27.451662,Pune,29.73,29.65,28.11,33.03,1008,70,5.96,133,71,Clouds,few clouds,3,87.11,142.22,870.73,47.03,22.21,18.99,9.0,4.0
2026-04-29 10:42:51.451662,Pune,31.99,31.96,29.91,35.31,1009,76,6.86,200,84,Rain,moderate rain,3,87.54,130.59,1039.46,78.63,78.35,23.25,10.0,4.0
2026-04-29 12:09:15.451662,Ahmedabad,35.85,36.52,33.78,39.0,1008,95,0.95,333,81,Drizzle,drizzle,1,11.58,15.11,943.19,8.61,109.32,34.39,12.0,4.0
2026-04-29 13:35:39.451662,Pune,32.26,32.73,29.1,34.96,1013,82,1.3,200,38,Haze,haze,1,19.57,24.16,1109.63,55.19,101.22,35.4,13.0,4.0
2026-04-29 15:02:03.451662,Bangalore,28.52,29.04,25.74,31.37,1010,64,1.45,259,45,Clouds,scattered clouds,2,34.94,51.53,584.51,41.58,81.74,38.12,15.0,4.0
2026-04-29 16:28:27.451662,Kolkata,33.72,32.22,31.27,36.47,1000,81,4.39,236,90,Rain,light rain,5,185.83,274.99,674.29,49.32,69.07,34.46,16.0,4.0
2026-04-29 17:54:51.451662,Delhi,27.57,28.24,25.01,30.83,1008,93,5.3,38,95,Rain,heavy intensity rain,3,84.5,125.83,693.55,57.67,119.21,7.0,17.0,4.0
2026-04-29 19:21:15.451662,Delhi,24.64,23.49,22.62,26.26,1014,51,5.55,337,48,Clouds,broken clouds,4,108.56,166.91,456.69,54.9,98.04,27.18,19.0,4.0
2026-04-29 20:47:39.451662,Delhi,24.79,25.84,21.51,27.49,1023,88,4.67,50,76,Rain,light rain,4,114.76,164.97,1113.29,50.94,106.11,29.51,20.0,4.0
2026-04-29 22:14:03.451662,Ahmedabad,25.76,24.18,22.8,28.56,1018,38,7.66,106,0,Clear,clear sky,3,77.32,110.82,629.93,55.47,40.29,13.64,22.0,4.0
2026-04-29 23:40:27.451662,Delhi,21.77,23.32,18.89,24.02,1019,86,1.75,6,52,Mist,mist,4,112.27,162.86,342.59,71.76,48.05,7.87,23.0,4.0
2026-04-30 01:06:51.451662,Bangalore,19.24,18.22,17.3,22.72,1023,79,4.25,112,83,Drizzle,light intensity drizzle,2,50.31,69.75,340.55,41.42,13.03,21.21,1.0,4.0
2026-04-30 02:33:15.451662,Mumbai,25.52,24.39,22.22,27.25,1010,47,8.62,356,4,Clear,clear sky,1,23.91,32.97,674.01,38.31,119.43,22.72,2.0,4.0
2026-04-30 03:59:39.451662,Pune,22.77,22.28,20.56,25.92,1009,38,6.47,249,11,Clear,clear sky,2,35.05,55.75,257.65,30.68,39.73,38.72,3.0,4.0
2026-04-30 05:26:03.451662,Chennai,27.74,27.44,25.1,30.48,1020,79,2.05,340,95,Rain,heavy intensity rain,2,59.82,108.4,347.98,68.94,88.2,36.46,5.0,4.0
2026-04-30 06:52:27.451662,Delhi,27.39,27.04,23.93,29.86,1003,83,7.81,182,97,Rain,heavy intensity rain,4,106.55,162.07,575.33,26.43,32.35,30.95,6.0,4.0
2026-04-30 08:18:51.451662,Mumbai,32.86,33.34,29.57,34.48,1011,84,7.99,324,90,Rain,moderate rain,3,77.21,113.12,710.43,51.99,111.9,2.73,8.0,4.0
2026-04-30 09:45:15.451662,Hyderabad,34.47,34.26,31.38,37.95,1026,78,2.05,281,86,Drizzle,drizzle,3,70.0,115.47,1028.47,27.1,11.57,30.04,9.0,4.0
2026-04-30 11:11:39.451662,Chennai,37.6,36.22,35.12,39.26,1014,34,3.85,357,10,Clear,sunny,3,85.38,137.53,506.14,46.18,79.53,23.93,11.0,4.0
2026-04-30 12:38:03.451662,Chennai,35.93,36.86,33.63,38.02,1010,92,1.63,54,69,Mist,mist,3,80.01,119.44,1106.11,29.11,62.41,10.59,12.0,4.0
2026-04-30 14:04:27.451662,Pune,30.45,31.47,27.84,33.22,1011,93,4.88,177,89,Rain,light rain,3,86.01,133.68,913.95,66.69,98.44,23.0,14.0,4.0
2026-04-30 15:30:51.451662,Kolkata,30.8,30.82,28.75,33.71,1013,81,0.85,305,61,Mist,mist,2,48.89,73.11,666.97,30.53,113.45,5.14,15.0,4.0
2026-04-30 16:57:15.451662,Hyderabad,30.78,30.45,27.59,33.63,1013,54,1.51,212,45,Haze,haze,4,130.51,186.25,913.05,54.98,116.27,30.92,16.0,4.0
2026-04-30 18:23:39.451662,Delhi,27.13,26.64,24.76,29.55,1017,65,2.12,226,62,Clouds,overcast clouds,1,14.0,30.63,569.81,8.93,94.43,17.83,18.0,4.0
2026-04-30 19:50:03.451662,Mumbai,29.2,27.37,27.43,32.0,1019,33,6.73,27,10,Clear,clear sky,2,50.33,74.89,1174.59,8.91,85.04,19.79,19.0,4.0
2026-04-30 21:16:27.451662,Chennai,27.25,25.86,23.93,30.43,1019,37,6.47,137,10,Clear,sunny,3,63.0,99.22,231.42,60.22,46.33,36.43,21.0,4.0
2026-04-30 22:42:51.451662,Bangalore,21.04,20.77,19.01,22.58,1014,57,2.85,32,25,Haze,haze,3,75.64,107.67,939.03,21.74,80.6,23.68,22.0,4.0
2026-05-01 00:09:15.451662,Mumbai,29.29,28.32,27.49,32.59,1007,80,6.48,156,100,Rain,light rain,4,126.37,205.1,446.6,41.31,92.22,20.0,0.0,5.0
2026-05-01 01:35:39.451662,Hyderabad,24.67,25.05,22.88,27.79,1024,88,5.83,350,86,Thunderstorm,thunderstorm with rain,1,20.56,26.06,874.13,24.49,47.97,36.86,1.0,5.0
2026-05-01 03:02:03.451662,Bangalore,21.53,20.28,19.03,24.39,1014,57,0.96,293,40,Haze,haze,1,28.95,60.14,1128.66,62.06,70.15,8.85,3.0,5.0
2026-05-01 04:28:27.451662,Kolkata,31.4,30.94,29.09,34.81,1031,57,4.85,331,40,Haze,haze,4,96.53,149.58,459.54,37.77,75.29,4.78,4.0,5.0
2026-05-01 05:54:51.451662,Kolkata,29.41,28.78,26.47,31.4,1003,43,5.87,38,12,Clear,clear sky,5,263.6,399.98,981.35,77.01,93.99,34.5,5.0,5.0
2026-05-01 07:21:15.451662,Bangalore,28.46,28.99,26.77,30.82,1018,92,0.55,140,90,Mist,mist,1,13.04,9.4,200.44,72.6,26.92,39.62,7.0,5.0
2026-05-01 08:47:39.451662,Mumbai,33.95,33.08,31.21,37.43,1009,82,3.66,180,81,Rain,light rain,1,6.44,11.6,558.58,54.25,36.44,9.28,8.0,5.0
2026-05-01 10:14:03.451662,Bangalore,27.5,26.71,24.84,30.03,1028,50,6.9,108,1,Clear,sunny,1,28.76,41.62,553.05,72.06,114.11,35.92,10.0,5.0
2026-05-01 11:40:27.451662,Kolkata,37.41,37.32,35.77,39.05,1016,87,8.48,194,88,Rain,heavy intensity rain,2,39.95,49.32,295.05,67.01,15.24,29.62,11.0,5.0
2026-05-01 13:06:51.451662,Chennai,37.31,37.89,34.75,39.99,995,84,0.83,325,80,Mist,mist,2,57.93,86.5,254.63,77.98,34.87,13.56,13.0,5.0
2026-05-01 14:33:15.451662,Chennai,36.25,34.84,33.32,39.38,1003,36,1.88,46,9,Clear,sunny,4,115.36,179.6,1006.69,78.86,92.97,16.94,14.0,5.0
2026-05-01 15:59:39.451662,Ahmedabad,37.61,37.15,34.85,39.37,1011,36,5.17,240,0,Clear,sunny,3,74.46,112.75,713.85,43.17,50.62,37.45,15.0,5.0
2026-05-01 17:26:03.451662,Delhi,30.56,30.39,27.73,32.37,1009,77,1.33,48,67,Drizzle,light intensity drizzle,1,6.3,16.99,927.06,47.16,114.18,20.86,17.0,5.0
2026-05-01 18:52:27.451662,Pune,25.83,25.89,23.33,28.74,1005,81,4.95,167,78,Mist,mist,2,55.3,80.36,251.67,42.86,89.03,34.78,18.0,5.0
2026-05-01 20:18:51.451662,Delhi,26.7,26.98,24.2,28.34,1008,84,3.02,113,95,Rain,light rain,4,127.5,193.09,1032.83,72.96,11.34,27.61,20.0,5.0
2026-05-01 21:45:15.451662,Hyderabad,26.03,24.84,22.96,28.1,1011,53,4.07,18,50,Clouds,scattered clouds,2,51.98,65.85,877.54,10.41,32.59,16.49,21.0,5.0
2026-05-01 23:11:39.451662,Kolkata,24.8,24.22,21.36,26.53,1013,86,3.81,81,86,Mist,mist,3,72.96,105.22,904.55,36.7,48.12,17.11,23.0,5.0
2026-05-02 00:38:03.451662,Ahmedabad,25.22,25.28,23.54,27.92,1014,88,5.73,321,90,Rain,heavy intensity rain,5,240.55,350.54,467.4,6.13,116.15,11.53,0.0,5.0
2026-05-02 02:04:27.451662,Pune,24.92,24.09,23.32,27.67,1024,81,3.65,6,83,Drizzle,heavy intensity drizzle,1,28.48,34.9,453.1,38.77,115.33,17.16,2.0,5.0
2026-05-02 03:30:51.451662,Delhi,24.35,23.95,21.98,27.3,1009,86,0.38,247,70,Drizzle,light intensity drizzle,4,144.87,216.18,429.17,46.02,83.77,28.63,3.0,5.0
2026-05-02 04:57:15.451662,Mumbai,29.84,31.19,27.13,32.69,1010,90,1.01,303,75,Mist,mist,2,31.88,40.86,533.03,71.37,52.16,20.75,4.0,5.0
2026-05-02 06:23:39.451662,Delhi,29.84,28.51,26.61,33.17,1021,47,7.78,337,44,Clouds,broken clouds,3,66.19,93.26,987.39,39.08,79.33,11.44,6.0,5.0
2026-05-02 07:50:03.451662,Bangalore,25.85,25.46,23.17,28.17,1016,90,4.38,87,87,Rain,moderate rain,2,53.55,91.5,1127.11,12.9,94.09,17.57,7.0,5.0
2026-05-02 09:16:27.451662,Bangalore,27.11,26.24,24.99,29.11,1008,42,4.78,22,15,Clear,clear sky,3,80.55,123.55,454.88,60.69,18.43,35.16,9.0,5.0
2026-05-02 10:42:51.451662,Kolkata,34.06,35.01,32.4,37.22,1010,85,3.34,117,56,Mist,mist,3,66.95,112.02,994.49,71.33,47.93,19.55,10.0,5.0
2026-05-02 12:09:15.451662,Delhi,33.14,32.68,29.91,35.7,1009,58,7.17,93,83,Clouds,broken clouds,3,74.68,106.91,361.36,11.27,12.1,8.3,12.0,5.0
2026-05-02 13:35:39.451662,Chennai,37.87,37.15,35.7,40.87,1005,73,5.28,136,73,Clouds,scattered clouds,2,35.01,49.81,615.78,37.17,69.5,28.46,13.0,5.0
2026-05-02 15:02:03.451662,Mumbai,33.7,33.48,31.53,35.49,1015,94,6.32,70,98,Rain,moderate rain,3,63.46,102.58,314.29,62.36,84.68,31.37,15.0,5.0
2026-05-02 16:28:27.451662,Pune,31.51,31.43,28.5,33.94,1021,72,7.91,117,82,Drizzle,heavy intensity drizzle,3,86.45,132.59,991.56,38.85,30.18,34.49,16.0,5.0
2026-05-02 17:54:51.451662,Bangalore,26.62,26.95,24.97,28.87,1008,57,7.29,334,6,Clear,clear sky,2,59.04,96.09,431.55,75.69,14.71,18.96,17.0,5.0
2026-05-02 19:21:15.451662,Bangalore,24.4,24.47,21.22,26.65,1009,77,5.8,316,92,Rain,light rain,2,57.88,85.78,303.68,8.65,73.91,18.19,19.0,5.0
2026-05-02 20:47:39.451662,Pune,26.77,26.6,24.75,29.48,1010,78,4.07,345,51,Clouds,few clouds,2,40.41,72.67,1089.13,48.41,79.56,7.95,20.0,5.0
2026-05-02 22:14:03.451662,Bangalore,23.85,22.45,21.97,25.5,1020,51,6.36,345,73,Clouds,broken clouds,1,15.62,17.15,650.78,76.89,57.42,22.88,22.0,5.0
2026-05-02 23:40:27.451662,Pune,25.92,27.27,24.29,28.97,1016,93,7.45,278,66,Mist,mist,2,38.35,58.44,1183.31,64.0,95.1,30.42,23.0,5.0
2026-05-03 01:06:51.451662,Kolkata,25.02,23.9,21.72,28.3,1022,78,3.13,103,95,Rain,light rain,4,92.34,142.44,866.77,12.07,92.28,32.88,1.0,5.0
2026-05-03 02:33:15.451662,Mumbai,30.81,30.04,28.85,32.34,1002,53,6.95,113,73,Clouds,overcast clouds,3,76.99,114.41,906.16,28.17,24.59,21.44,2.0,5.0
2026-05-03 03:59:39.451662,Delhi,22.3,20.88,18.94,25.66,1001,43,3.27,196,66,Clouds,overcast clouds,4,113.35,182.53,833.07,40.2,58.74,20.78,3.0,5.0
2026-05-03 05:26:03.451662,Chennai,31.99,32.1,29.2,35.44,1014,71,0.91,338,34,Haze,haze,2,57.75,83.79,947.79,65.77,55.52,9.76,5.0,5.0
2026-05-03 06:52:27.451662,Ahmedabad,31.6,30.44,28.73,34.92,996,86,5.86,89,98,Rain,moderate rain,1,9.29,10.73,601.89,16.53,72.99,12.53,6.0,5.0
2026-05-03 08:18:51.451662,Kolkata,33.19,33.26,31.27,36.42,1019,84,8.01,154,90,Rain,light rain,4,142.86,213.1,937.43,26.49,98.29,39.9,8.0,5.0
2026-05-03 09:45:15.451662,Chennai,37.43,37.51,34.83,40.51,1018,88,3.92,57,83,Rain,light rain,2,50.08,59.63,429.37,40.18,39.54,5.84,9.0,5.0
2026-05-03 11:11:39.451662,Chennai,37.91,37.44,36.15,39.92,1006,86,3.39,124,88,Thunderstorm,thunderstorm with rain,3,69.79,100.98,502.48,78.15,28.71,36.13,11.0,5.0
2026-05-03 12:38:03.451662,Hyderabad,35.74,34.46,33.32,37.85,1012,34,7.45,105,3,Clear,sunny,3,68.21,102.46,481.92,32.29,30.98,15.19,12.0,5.0
2026-05-03 14:04:27.451662,Mumbai,36.12,34.48,33.31,38.74,1028,79,6.28,326,91,Drizzle,drizzle,4,90.95,139.29,317.01,64.98,23.56,28.54,14.0,5.0
2026-05-03 15:30:51.451662,Hyderabad,33.65,33.25,30.21,37.01,1021,59,6.75,186,36,Haze,haze,3,75.39,123.84,341.22,47.82,30.38,12.59,15.0,5.0
2026-05-03 16:57:15.451662,Hyderabad,31.05,30.65,28.09,33.7,1018,83,3.24,307,95,Mist,mist,2,53.57,96.64,872.76,21.54,34.0,35.21,16.0,5.0
2026-05-03 18:23:39.451662,Mumbai,30.21,28.57,28.12,32.18,1014,31,8.55,278,0,Clear,sunny,2,37.96,52.68,491.46,20.57,36.2,36.52,18.0,5.0
2026-05-03 19:50:03.451662,Bangalore,20.81,21.77,18.36,23.66,1006,79,6.94,111,61,Mist,mist,2,58.06,99.98,540.41,43.29,77.66,36.6,19.0,5.0
2026-05-03 21:16:27.451662,Delhi,25.69,25.88,23.72,27.29,1009,55,6.6,71,2,Clear,clear sky,4,99.64,163.26,1122.37,57.17,77.18,9.59,21.0,5.0
2026-05-03 22:42:51.451662,Pune,23.28,23.09,21.31,25.47,1014,68,0.56,114,93,Drizzle,drizzle,2,31.98,48.88,493.78,8.11,80.08,24.7,22.0,5.0
2026-05-04 00:09:15.451662,Hyderabad,22.82,21.83,20.07,26.3,1021,51,3.01,354,77,Clouds,overcast clouds,2,38.45,61.94,342.26,28.49,103.45,5.38,0.0,5.0
2026-05-04 01:35:39.451662,Mumbai,26.66,26.39,24.22,29.48,1013,95,6.84,359,85,Thunderstorm,thunderstorm with rain,5,217.01,327.9,777.89,72.83,99.91,30.77,1.0,5.0
2026-05-04 03:02:03.451662,Chennai,30.88,29.03,28.7,33.24,1009,42,7.53,213,60,Clouds,broken clouds,3,68.15,106.98,373.34,41.44,22.86,27.92,3.0,5.0
2026-05-04 04:28:27.451662,Delhi,27.13,27.97,23.83,29.43,1019,83,3.14,199,88,Rain,heavy intensity rain,4,129.52,200.0,1026.55,65.07,21.49,23.92,4.0,5.0
2026-05-04 05:54:51.451662,Pune,24.63,24.14,21.38,27.71,1016,83,6.81,219,98,Thunderstorm,thunderstorm with light rain,2,48.51,74.89,1183.57,24.48,116.67,18.39,5.0,5.0
2026-05-04 07:21:15.451662,Chennai,34.11,32.43,30.96,37.25,1021,35,4.45,207,0,Clear,sunny,3,67.59,99.51,562.56,65.43,46.1,9.94,7.0,5.0
2026-05-04 08:47:39.451662,Pune,29.86,29.13,27.75,33.23,995,77,1.33,57,84,Rain,light rain,3,84.71,116.65,883.87,44.87,13.59,20.07,8.0,5.0
2026-05-04 10:14:03.451662,Hyderabad,32.07,32.38,28.69,34.89,1005,86,0.97,99,81,Drizzle,heavy intensity drizzle,1,15.44,27.15,881.35,75.51,15.15,14.15,10.0,5.0
2026-05-04 11:40:27.451662,Hyderabad,35.66,34.61,33.85,38.81,1009,81,0.66,345,100,Thunderstorm,thunderstorm with heavy rain,3,62.1,86.3,368.2,70.95,71.27,10.79,11.0,5.0
2026-05-04 13:06:51.451662,Mumbai,38.93,39.29,36.08,41.29,1026,92,6.66,170,92,Thunderstorm,thunderstorm with heavy rain,3,72.1,113.69,1093.59,54.35,10.89,37.84,13.0,5.0
2026-05-04 14:33:15.451662,Kolkata,34.2,33.63,32.62,36.24,1019,84,0.36,95,68,Mist,mist,4,108.51,172.52,1165.75,34.64,90.12,15.14,14.0,5.0
2026-05-04 15:59:39.451662,Pune,32.56,33.89,29.68,34.3,1021,75,8.47,278,37,Haze,haze,4,91.55,144.17,265.69,71.53,56.18,20.88,15.0,5.0
2026-05-04 17:26:03.451662,Pune,29.04,28.25,27.07,32.2,1011,80,8.55,208,100,Rain,heavy intensity rain,2,54.15,90.11,431.48,70.13,111.91,17.95,17.0,5.0
2026-05-04 18:52:27.451662,Kolkata,27.6,28.21,26.09,29.22,997,53,4.96,78,1,Clear,clear sky,3,80.93,129.76,471.49,72.82,51.22,22.9,18.0,5.0
2026-05-04 20:18:51.451662,Chennai,30.82,29.86,28.76,32.98,1019,78,6.07,179,82,Mist,mist,1,7.25,4.01,692.54,38.16,46.78,16.99,20.0,5.0
2026-05-04 21:45:15.451662,Pune,22.07,21.13,20.23,25.22,1011,79,5.39,274,95,Rain,heavy intensity rain,3,70.4,112.53,897.16,19.51,80.57,11.87,21.0,5.0
2026-05-04 23:11:39.451662,Bangalore,19.13,18.1,16.91,21.97,1007,47,2.65,289,56,Clouds,broken clouds,3,71.91,115.65,230.02,38.34,65.51,6.46,23.0,5.0
2026-05-05 00:38:03.451662,Pune,21.77,21.55,18.98,23.32,1029,80,4.04,87,86,Mist,mist,2,48.56,84.82,1023.27,46.71,95.75,2.62,0.0,5.0
2026-05-05 02:04:27.451662,Kolkata,24.71,25.48,21.84,27.36,1025,78,4.03,165,73,Mist,mist,3,80.29,124.04,343.4,6.38,61.05,37.84,2.0,5.0
2026-05-05 03:30:51.451662,Chennai,31.67,31.99,29.35,33.42,1003,80,0.54,9,68,Drizzle,drizzle,2,51.04,81.43,281.6,24.39,13.06,25.99,3.0,5.0
2026-05-05 04:57:15.451662,Hyderabad,29.13,29.6,26.63,30.77,1028,44,1.08,145,2,Clear,sunny,1,27.26,41.51,327.49,65.02,104.93,7.73,4.0,5.0
2026-05-05 06:23:39.451662,Ahmedabad,32.79,32.01,30.41,34.37,1009,82,6.26,336,99,Thunderstorm,thunderstorm with rain,2,52.69,93.75,865.06,46.74,47.7,7.11,6.0,5.0
2026-05-05 07:50:03.451662,Chennai,35.11,34.2,33.1,36.64,1023,45,5.0,250,10,Clear,sunny,2,30.0,50.77,1023.61,72.41,70.84,32.87,7.0,5.0
2026-05-05 09:16:27.451662,Bangalore,31.34,31.16,29.66,32.97,1015,83,8.05,192,90,Thunderstorm,thunderstorm with heavy rain,1,25.74,38.11,520.03,40.73,45.01,20.58,9.0,5.0
2026-05-05 10:42:51.451662,Mumbai,36.2,36.22,33.85,39.69,1008,73,1.1,170,76,Drizzle,drizzle,2,47.18,80.42,386.64,6.93,41.3,18.84,10.0,5.0
2026-05-05 12:09:15.451662,Hyderabad,36.03,35.99,34.06,38.81,1031,45,7.43,293,19,Clear,clear sky,3,62.58,88.73,723.21,25.38,53.91,24.75,12.0,5.0
2026-05-05 13:35:39.451662,Chennai,36.85,37.29,34.24,39.07,1005,88,8.23,45,88,Thunderstorm,thunderstorm with heavy rain,3,73.99,121.91,932.39,74.31,117.27,33.66,13.0,5.0
2026-05-05 15:02:03.451662,Kolkata,34.94,35.01,32.51,36.59,1008,80,1.74,34,98,Drizzle,light intensity drizzle,3,77.39,118.08,858.1,79.83,59.69,15.48,15.0,5.0
2026-05-05 16:28:27.451662,Chennai,34.57,34.48,31.16,36.37,1017,72,4.45,305,64,Haze,haze,2,49.45,65.23,601.46,30.36,23.95,16.89,16.0,5.0
2026-05-05 17:54:51.451662,Delhi,30.52,30.66,27.94,32.18,1008,47,5.22,333,13,Clear,clear sky,5,236.55,364.35,348.36,17.91,106.66,23.22,17.0,5.0
2026-05-05 19:21:15.451662,Chennai,31.68,31.93,28.35,33.9,1007,78,2.97,254,83,Drizzle,drizzle,3,66.02,83.22,1140.88,14.33,106.26,38.9,19.0,5.0
2026-05-05 20:47:39.451662,Mumbai,29.8,29.84,26.4,31.34,1012,43,8.85,331,15,Clear,sunny,4,130.34,199.76,1014.39,26.03,24.54,18.71,20.0,5.0
2026-05-05 22:14:03.451662,Pune,21.24,20.37,19.03,24.34,1022,31,5.13,171,4,Clear,clear sky,1,16.06,30.55,1135.38,39.96,58.99,2.55,22.0,5.0
2026-05-05 23:40:27.451662,Pune,23.48,24.04,20.93,25.43,1017,50,6.1,270,7,Clear,sunny,1,6.49,25.22,825.33,5.93,25.73,30.21,23.0,5.0
2026-05-06 01:06:51.451662,Pune,23.47,22.3,20.93,26.96,1009,45,2.06,333,47,Clouds,scattered clouds,2,30.22,40.36,1159.79,8.65,20.78,3.67,1.0,5.0
2026-05-06 02:33:15.451662,Bangalore,21.4,20.66,19.41,23.62,1004,65,8.91,24,76,Drizzle,heavy intensity drizzle,1,8.17,10.51,342.56,33.66,71.02,4.92,2.0,5.0
2026-05-06 03:59:39.451662,Delhi,23.26,23.42,19.83,24.99,1016,87,4.57,196,86,Rain,light rain,5,156.21,234.78,296.97,18.43,97.73,27.75,3.0,5.0
2026-05-06 05:26:03.451662,Pune,24.06,25.07,20.9,26.01,1010,76,3.77,50,27,Haze,haze,3,89.78,124.17,939.68,50.92,11.83,9.4,5.0,5.0
2026-05-06 06:52:27.451662,Bangalore,24.56,24.83,22.14,27.41,1019,82,5.68,309,74,Mist,mist,1,28.93,43.7,259.18,52.46,94.58,39.78,6.0,5.0
2026-05-06 08:18:51.451662,Delhi,28.37,28.1,26.17,30.36,1014,38,6.01,102,0,Clear,clear sky,4,132.04,190.03,753.47,47.77,33.11,30.21,8.0,5.0
2026-05-06 09:45:15.451662,Mumbai,34.93,35.07,32.45,36.7,1024,82,2.57,116,90,Mist,mist,3,83.89,117.22,260.93,57.05,30.1,14.12,9.0,5.0
2026-05-06 11:11:39.451662,Bangalore,31.55,29.46,29.8,33.56,1024,49,5.89,152,80,Clouds,overcast clouds,1,19.35,26.53,222.56,69.62,73.48,35.85,11.0,5.0
2026-05-06 12:38:03.451662,Hyderabad,36.34,35.66,33.73,39.02,1004,61,4.01,351,41,Clouds,overcast clouds,2,35.96,56.24,1031.54,18.3,89.54,31.36,12.0,5.0
2026-05-06 14:04:27.451662,Pune,32.71,32.55,30.54,35.32,1005,57,6.45,260,0,Clear,sunny,3,69.26,115.73,764.59,54.73,84.7,37.41,14.0,5.0
2026-05-06 15:30:51.451662,Bangalore,29.97,29.16,27.11,33.33,1008,36,5.7,319,6,Clear,sunny,2,57.35,75.12,845.6,75.09,43.37,31.71,15.0,5.0
2026-05-06 16:57:15.451662,Ahmedabad,35.1,35.37,32.98,37.45,1001,94,5.91,191,97,Thunderstorm,thunderstorm with rain,3,77.25,109.3,836.07,34.87,10.75,21.89,16.0,5.0
2026-05-06 18:23:39.451662,Chennai,34.19,33.04,32.06,37.31,1009,48,7.92,190,45,Clouds,broken clouds,1,17.15,16.47,1126.21,70.35,96.36,12.4,18.0,5.0
2026-05-06 19:50:03.451662,Ahmedabad,29.53,28.55,26.66,31.5,1012,40,8.51,178,3,Clear,clear sky,2,31.91,41.55,1145.75,28.47,104.44,7.0,19.0,5.0
2026-05-06 21:16:27.451662,Kolkata,28.47,28.9,26.2,30.31,1012,75,7.58,177,71,Drizzle,drizzle,2,51.52,77.86,601.79,48.34,43.87,20.13,21.0,5.0
2026-05-06 22:42:51.451662,Mumbai,25.99,25.41,22.77,27.96,1008,78,6.35,189,94,Drizzle,heavy intensity drizzle,2,39.78,51.58,1142.06,27.37,95.31,16.94,22.0,5.0
2026-05-07 00:09:15.451662,Kolkata,26.1,26.94,24.32,29.57,1031,56,2.47,208,54,Clouds,scattered clouds,3,86.4,112.54,651.27,70.19,68.31,19.78,0.0,5.0
2026-05-07 01:35:39.451662,Kolkata,27.5,27.52,26.0,29.75,1018,70,5.27,200,37,Haze,haze,4,108.69,167.37,618.7,21.47,10.02,36.77,1.0,5.0
2026-05-07 03:02:03.451662,Hyderabad,26.65,25.57,24.45,28.9,1004,32,5.71,283,10,Clear,clear sky,4,115.83,171.44,434.5,61.2,110.96,6.11,3.0,5.0
2026-05-07 04:28:27.451662,Bangalore,24.11,23.59,21.06,26.95,1014,58,0.58,353,51,Clouds,scattered clouds,2,50.6,69.33,660.73,79.16,63.16,39.5,4.0,5.0
2026-05-07 05:54:51.451662,Chennai,30.95,31.68,28.78,34.11,1008,90,0.31,64,80,Rain,moderate rain,1,15.09,33.06,1151.4,15.28,69.13,9.03,5.0,5.0
2026-05-07 07:21:15.451662,Bangalore,25.74,26.1,23.56,28.66,1014,73,8.95,293,70,Clouds,scattered clouds,3,82.12,122.78,520.4,17.32,96.15,6.65,7.0,5.0
2026-05-07 08:47:39.451662,Mumbai,32.63,31.32,29.42,34.16,1014,27,4.75,64,3,Clear,sunny,3,62.34,89.77,1036.42,42.68,11.58,32.51,8.0,5.0
2026-05-07 10:14:03.451662,Pune,31.87,31.8,29.06,34.19,1011,76,6.07,238,100,Rain,moderate rain,3,65.83,88.64,747.05,11.56,51.51,17.71,10.0,5.0
2026-05-07 11:40:27.451662,Ahmedabad,35.72,35.34,33.26,38.76,1031,50,5.77,33,8,Clear,sunny,4,120.49,195.8,650.28,44.83,92.03,33.39,11.0,5.0
2026-05-07 13:06:51.451662,Delhi,34.0,34.86,32.02,36.35,1027,92,8.72,169,75,Mist,mist,4,139.49,210.97,764.4,74.97,74.52,21.99,13.0,5.0
2026-05-07 14:33:15.451662,Pune,33.0,32.96,31.36,35.65,1002,53,7.73,24,0,Clear,sunny,2,42.39,59.44,809.81,23.06,52.55,5.06,14.0,5.0
2026-05-07 15:59:39.451662,Delhi,31.32,30.14,28.05,33.93,1026,26,4.95,273,7,Clear,sunny,2,39.23,57.12,928.87,27.61,75.93,9.65,15.0,5.0
2026-05-07 17:26:03.451662,Ahmedabad,32.76,33.76,30.74,35.51,1011,88,7.52,130,94,Rain,light rain,3,66.5,96.98,551.65,73.22,72.59,30.96,17.0,5.0
2026-05-07 18:52:27.451662,Hyderabad,28.65,28.64,25.46,30.94,1017,70,0.75,265,70,Clouds,broken clouds,4,127.39,186.64,262.51,34.06,74.18,19.64,18.0,5.0
2026-05-07 20:18:51.451662,Pune,24.38,24.34,21.82,26.67,1010,90,5.63,107,81,Drizzle,drizzle,2,30.81,38.84,675.1,72.35,67.76,28.88,20.0,5.0
2026-05-07 21:45:15.451662,Chennai,29.41,29.59,26.03,31.89,1016,47,6.4,99,0,Clear,sunny,2,34.15,41.78,618.29,28.21,113.04,21.6,21.0,5.0
2026-05-07 23:11:39.451662,Chennai,26.64,25.57,23.44,28.31,1016,43,3.4,68,2,Clear,sunny,2,46.66,78.2,381.82,37.28,28.2,28.85,23.0,5.0
2026-05-08 00:38:03.451662,Pune,25.74,24.81,22.33,28.68,1028,42,8.39,118,8,Clear,sunny,2,55.74,81.69,458.9,8.96,89.87,6.61,0.0,5.0
2026-05-08 02:04:27.451662,Delhi,24.6,24.04,21.58,27.28,1014,72,1.97,306,92,Rain,moderate rain,4,148.19,213.47,687.21,6.86,37.37,17.5,2.0,5.0
2026-05-08 03:30:51.451662,Hyderabad,24.9,23.88,21.53,28.25,1019,87,4.67,128,94,Drizzle,heavy intensity drizzle,2,38.3,51.25,924.7,67.73,104.87,14.01,3.0,5.0
2026-05-08 04:57:15.451662,Pune,25.17,23.9,22.1,28.17,991,41,4.27,303,3,Clear,clear sky,1,12.03,28.1,314.24,24.15,101.08,16.36,4.0,5.0
2026-05-08 06:23:39.451662,Ahmedabad,31.42,31.88,28.69,34.64,1006,89,3.31,109,69,Mist,mist,3,76.43,104.88,550.2,51.29,107.33,10.79,6.0,5.0
2026-05-08 07:50:03.451662,Delhi,30.04,29.78,28.2,31.73,1006,90,3.95,17,97,Rain,moderate rain,4,107.4,161.57,1112.8,50.78,70.1,11.49,7.0,5.0
2026-05-08 09:16:27.451662,Delhi,33.4,33.32,31.65,36.06,1018,84,6.97,31,92,Rain,light rain,2,50.49,62.67,360.59,45.3,31.12,29.33,9.0,5.0
2026-05-08 10:42:51.451662,Pune,30.42,30.61,28.47,33.15,1025,83,0.65,220,69,Mist,mist,2,35.52,62.3,650.28,23.94,58.71,34.2,10.0,5.0
2026-05-08 12:09:15.451662,Ahmedabad,37.06,37.4,34.32,38.8,1003,57,8.8,225,43,Clouds,scattered clouds,1,17.63,19.25,951.42,75.6,84.43,15.81,12.0,5.0
2026-05-08 13:35:39.451662,Delhi,33.12,31.63,31.01,36.59,1006,68,5.89,291,82,Clouds,broken clouds,4,93.83,136.03,1176.62,33.29,98.2,18.51,13.0,5.0
2026-05-08 15:02:03.451662,Pune,30.7,30.73,29.08,32.8,1018,79,4.43,166,50,Haze,haze,2,43.34,76.36,863.74,13.87,114.93,34.89,15.0,5.0
2026-05-08 16:28:27.451662,Chennai,38.66,38.95,36.14,41.66,1010,56,3.0,298,8,Clear,sunny,2,58.02,74.04,701.95,73.24,88.9,24.12,16.0,5.0
2026-05-08 17:54:51.451662,Hyderabad,31.33,31.13,28.18,33.95,1015,86,0.78,155,94,Rain,moderate rain,3,72.51,108.49,511.38,35.13,65.3,33.9,17.0,5.0
2026-05-08 19:21:15.451662,Pune,27.96,26.03,26.36,30.36,1008,32,2.52,127,2,Clear,sunny,3,60.21,84.95,250.18,12.25,89.25,12.71,19.0,5.0
2026-05-08 20:47:39.451662,Pune,24.82,24.69,21.53,26.99,1010,76,5.65,126,94,Rain,moderate rain,2,44.31,73.96,257.24,74.82,15.56,22.8,20.0,5.0
2026-05-08 22:14:03.451662,Mumbai,26.67,27.66,24.45,28.3,1009,90,0.95,171,93,Rain,moderate rain,4,113.54,183.44,286.97,27.74,116.32,37.9,22.0,5.0
2026-05-08 23:40:27.451662,Delhi,24.83,25.18,21.95,27.83,1009,65,2.15,245,21,Haze,haze,4,126.61,193.4,738.22,45.0,54.62,8.43,23.0,5.0
2026-05-09 01:06:51.451662,Hyderabad,28.4,28.38,26.56,30.67,1008,62,3.32,251,63,Clouds,scattered clouds,5,241.7,378.01,439.65,7.43,46.94,21.53,1.0,5.0
2026-05-09 02:33:15.451662,Mumbai,26.23,25.27,22.8,28.87,1017,89,7.81,166,73,Drizzle,heavy intensity drizzle,1,21.21,32.07,1072.52,23.31,59.51,37.18,2.0,5.0
2026-05-09 03:59:39.451662,Delhi,23.27,23.48,20.39,26.44,1036,55,3.11,203,22,Clear,clear sky,2,47.99,76.87,360.63,17.98,39.34,6.54,3.0,5.0
2026-05-09 05:26:03.451662,Chennai,31.63,33.04,29.09,34.41,1013,87,7.14,326,60,Mist,mist,1,24.1,37.49,881.28,58.7,76.81,5.37,5.0,5.0
2026-05-09 06:52:27.451662,Delhi,27.78,28.13,24.93,29.52,1011,93,0.9,92,100,Rain,heavy intensity rain,4,115.04,165.38,547.82,51.52,69.93,6.77,6.0,5.0
2026-05-09 08:18:51.451662,Bangalore,26.49,25.0,24.1,28.6,1021,26,6.53,290,9,Clear,clear sky,1,26.66,38.05,466.79,42.94,95.55,34.62,8.0,5.0
2026-05-09 09:45:15.451662,Bangalore,28.39,28.78,25.36,30.5,1004,80,7.36,226,86,Drizzle,drizzle,1,15.23,20.15,1016.09,78.79,110.07,34.37,9.0,5.0
2026-05-09 11:11:39.451662,Mumbai,38.0,38.8,35.36,40.76,1014,89,4.81,199,81,Rain,heavy intensity rain,3,70.01,109.04,227.08,38.7,42.61,37.33,11.0,5.0
2026-05-09 12:38:03.451662,Chennai,38.98,38.79,36.88,42.28,1001,37,5.77,334,0,Clear,sunny,3,64.91,101.22,843.91,67.57,73.51,26.56,12.0,5.0
2026-05-09 14:04:27.451662,Kolkata,37.37,36.09,34.28,39.2,1006,22,1.21,162,4,Clear,sunny,3,76.36,108.1,688.54,44.31,83.36,12.15,14.0,5.0
2026-05-09 15:30:51.451662,Bangalore,28.8,29.06,27.03,31.07,1011,46,7.44,52,0,Clear,clear sky,2,36.6,63.47,1034.97,58.28,22.38,29.96,15.0,5.0
2026-05-09 16:57:15.451662,Bangalore,29.22,27.12,27.68,30.9,1004,43,6.22,122,44,Clouds,broken clouds,2,59.95,100.46,847.34,14.63,81.52,39.33,16.0,5.0
2026-05-09 18:23:39.451662,Mumbai,31.28,30.44,27.92,34.06,993,45,3.01,84,3,Clear,clear sky,3,61.65,99.48,266.06,77.94,49.61,20.16,18.0,5.0
2026-05-09 19:50:03.451662,Kolkata,31.22,30.67,27.98,34.19,1015,71,4.66,317,80,Drizzle,heavy intensity drizzle,4,96.15,140.47,621.3,67.91,106.48,11.24,19.0,5.0
2026-05-09 21:16:27.451662,Pune,21.89,20.43,19.3,23.57,1006,43,6.88,284,7,Clear,sunny,1,26.09,44.58,927.45,70.22,30.84,17.24,21.0,5.0
2026-05-09 22:42:51.451662,Chennai,28.94,27.76,26.92,32.12,1016,31,6.53,220,10,Clear,clear sky,5,231.2,345.06,875.23,20.44,48.77,6.79,22.0,5.0
2026-05-10 00:09:15.451662,Chennai,29.04,29.35,25.98,31.95,1022,52,7.56,203,36,Haze,haze,2,54.39,85.31,872.83,42.29,114.53,13.4,0.0,5.0
2026-05-10 01:35:39.451662,Kolkata,25.56,24.24,23.09,27.09,1014,35,8.31,23,16,Clear,clear sky,4,103.06,149.52,700.62,73.38,26.13,26.55,1.0,5.0
2026-05-10 03:02:03.451662,Delhi,24.04,23.66,21.41,26.04,1002,78,8.26,6,65,Drizzle,drizzle,3,72.16,116.85,1078.75,19.75,114.2,9.81,3.0,5.0
2026-05-10 04:28:27.451662,Pune,22.98,23.21,20.45,25.51,998,79,1.23,306,82,Rain,heavy intensity rain,1,25.46,52.61,330.32,53.26,31.69,5.71,4.0,5.0
2026-05-10 05:54:51.451662,Hyderabad,27.44,25.96,25.57,28.95,1005,74,4.36,352,88,Drizzle,light intensity drizzle,3,64.22,86.42,1185.6,56.5,36.8,32.35,5.0,5.0
2026-05-10 07:21:15.451662,Hyderabad,31.08,31.88,29.07,32.71,1017,69,2.63,184,17,Haze,haze,2,39.31,74.53,203.7,17.19,48.45,14.0,7.0,5.0
2026-05-10 08:47:39.451662,Pune,30.94,30.82,28.97,32.61,1006,65,7.0,68,87,Clouds,overcast clouds,1,5.18,9.03,1177.44,77.33,28.01,13.38,8.0,5.0
2026-05-10 10:14:03.451662,Mumbai,35.37,34.86,31.9,38.51,1010,86,2.75,245,86,Mist,mist,5,244.45,361.37,256.63,14.03,73.88,37.29,10.0,5.0
2026-05-10 11:40:27.451662,Hyderabad,36.14,35.99,33.57,39.63,1008,85,4.43,125,90,Rain,heavy intensity rain,2,49.12,78.06,1058.93,30.86,52.93,35.86,11.0,5.0
2026-05-10 13:06:51.451662,Ahmedabad,37.18,35.57,34.99,39.03,999,48,5.71,97,66,Clouds,scattered clouds,1,21.09,23.32,362.51,76.98,103.67,34.82,13.0,5.0
2026-05-10 14:33:15.451662,Pune,33.96,33.5,31.02,36.35,1012,45,6.67,15,10,Clear,clear sky,2,45.54,65.83,1013.14,49.13,33.18,11.0,14.0,5.0
2026-05-10 15:59:39.451662,Kolkata,35.64,35.65,33.42,39.13,1003,67,4.48,240,55,Clouds,overcast clouds,3,74.64,118.66,765.85,73.76,98.09,19.14,15.0,5.0
2026-05-10 17:26:03.451662,Ahmedabad,33.71,34.11,30.95,36.3,1017,88,1.43,103,76,Rain,moderate rain,4,110.12,163.34,299.15,51.72,59.16,31.56,17.0,5.0
2026-05-10 18:52:27.451662,Kolkata,29.62,28.82,27.9,33.05,999,55,1.82,132,69,Clouds,broken clouds,4,95.05,155.9,1164.49,26.71,62.76,38.97,18.0,5.0
2026-05-10 20:18:51.451662,Chennai,31.0,29.67,28.68,32.97,1005,37,0.47,329,14,Clear,clear sky,3,66.36,93.94,303.64,57.68,42.94,12.22,20.0,5.0
2026-05-10 21:45:15.451662,Kolkata,27.37,27.61,24.83,28.94,1013,84,1.0,16,71,Drizzle,drizzle,5,243.56,358.25,1107.76,11.56,113.01,33.37,21.0,5.0
2026-05-10 23:11:39.451662,Chennai,27.72,29.83,24.93,29.25,1022,94,8.66,30,64,Mist,mist,1,8.75,12.82,702.63,24.33,87.15,2.55,23.0,5.0
2026-05-11 00:38:03.451662,Pune,22.65,21.72,20.73,24.8,1009,62,7.43,0,85,Clouds,broken clouds,3,80.02,124.3,372.39,70.43,77.44,7.97,0.0,5.0
2026-05-11 02:04:27.451662,Delhi,24.17,22.29,21.16,25.93,1014,47,5.06,15,9,Clear,sunny,4,148.74,218.11,289.47,36.35,103.86,34.53,2.0,5.0
2026-05-11 03:30:51.451662,Hyderabad,26.81,26.5,24.84,29.74,1002,40,7.9,304,7,Clear,clear sky,2,53.67,74.01,585.11,36.34,14.9,12.99,3.0,5.0
2026-05-11 04:57:15.451662,Ahmedabad,27.45,27.33,25.16,30.65,1018,87,4.59,76,100,Rain,light rain,4,120.81,181.43,1005.47,30.4,16.1,23.06,4.0,5.0
2026-05-11 06:23:39.451662,Hyderabad,30.48,30.46,28.06,32.59,1008,88,0.61,271,74,Drizzle,drizzle,2,33.2,61.44,1077.31,26.78,19.02,13.34,6.0,5.0
2026-05-11 07:50:03.451662,Hyderabad,28.96,28.19,25.91,31.14,1010,56,5.2,197,52,Clouds,broken clouds,2,51.28,74.86,1117.08,48.76,60.89,33.1,7.0,5.0
2026-05-11 09:16:27.451662,Kolkata,32.55,32.99,30.8,35.22,1010,95,6.69,186,79,Mist,mist,3,75.58,106.51,1123.29,45.86,39.67,28.69,9.0,5.0
2026-05-11 10:42:51.451662,Chennai,39.1,38.16,36.85,42.11,1006,41,5.0,129,13,Clear,clear sky,3,69.0,108.46,820.56,52.88,86.93,6.26,10.0,5.0
2026-05-11 12:09:15.451662,Chennai,38.63,38.2,35.14,40.48,1010,79,6.15,322,92,Rain,heavy intensity rain,3,62.86,97.02,250.32,9.72,30.61,3.23,12.0,5.0
2026-05-11 13:35:39.451662,Pune,33.6,33.44,31.29,37.07,999,48,0.79,145,1,Clear,sunny,1,14.31,14.86,252.83,51.94,16.0,33.78,13.0,5.0
2026-05-11 15:02:03.451662,Chennai,41.61,41.03,39.84,43.4,1020,82,6.37,279,92,Rain,heavy intensity rain,3,66.3,91.33,399.01,79.99,10.24,26.27,15.0,5.0
2026-05-11 16:28:27.451662,Ahmedabad,34.04,33.85,31.15,36.03,1015,66,8.41,304,67,Clouds,overcast clouds,2,53.67,86.86,467.94,44.01,72.23,2.58,16.0,5.0
2026-05-11 17:54:51.451662,Ahmedabad,31.85,30.21,29.19,35.17,1023,54,5.12,222,79,Clouds,few clouds,2,59.58,82.78,583.77,77.91,27.51,15.46,17.0,5.0
2026-05-11 19:21:15.451662,Mumbai,27.41,26.53,25.89,29.09,1009,71,5.14,38,86,Drizzle,drizzle,3,72.45,101.62,373.98,30.31,11.99,17.21,19.0,5.0
2026-05-11 20:47:39.451662,Chennai,34.18,34.55,32.49,36.29,1013,86,5.85,221,81,Drizzle,drizzle,4,99.4,146.9,870.86,54.83,59.8,33.75,20.0,5.0
2026-05-11 22:14:03.451662,Chennai,31.23,31.73,29.53,33.8,1011,98,1.04,136,67,Mist,mist,1,14.6,33.18,342.79,34.21,114.69,14.15,22.0,5.0
2026-05-11 23:40:27.451662,Hyderabad,23.65,22.97,21.4,25.88,996,82,4.88,235,89,Drizzle,drizzle,2,53.34,91.63,1048.61,71.65,63.22,29.68,23.0,5.0
2026-05-12 01:06:51.451662,Hyderabad,22.97,21.78,20.62,25.35,1011,33,6.12,232,1,Clear,sunny,3,81.23,119.85,608.7,40.0,15.8,3.43,1.0,5.0
2026-05-12 02:33:15.451662,Hyderabad,25.6,25.61,22.76,28.37,1015,93,7.31,307,89,Rain,moderate rain,3,87.01,122.5,273.09,25.52,117.8,24.66,2.0,5.0
2026-05-12 03:59:39.451662,Ahmedabad,27.1,26.6,24.67,29.08,1014,84,4.39,92,98,Rain,moderate rain,3,88.35,136.48,456.91,65.06,79.53,21.13,3.0,5.0
2026-05-12 05:26:03.451662,Kolkata,27.35,27.57,24.56,30.63,1005,89,6.68,66,100,Rain,moderate rain,4,146.87,222.01,1191.83,24.96,101.65,18.22,5.0,5.0
2026-05-12 06:52:27.451662,Chennai,35.43,35.51,32.83,38.52,1019,88,5.37,15,88,Drizzle,light intensity drizzle,4,116.62,160.38,259.76,71.64,46.2,13.95,6.0,5.0
2026-05-12 08:18:51.451662,Chennai,37.03,36.52,34.01,39.54,1011,36,8.9,115,9,Clear,sunny,2,42.74,72.49,258.24,24.67,57.97,7.96,8.0,5.0
2026-05-12 09:45:15.451662,Mumbai,35.91,35.08,34.16,38.47,1014,75,2.64,191,79,Drizzle,heavy intensity drizzle,3,76.86,123.59,452.4,54.26,31.8,7.47,9.0,5.0
2026-05-12 11:11:39.451662,Bangalore,27.73,28.1,24.27,30.61,1004,90,7.98,314,100,Rain,light rain,1,23.03,34.38,468.05,65.86,16.09,22.45,11.0,5.0
2026-05-12 12:38:03.451662,Chennai,39.52,40.24,37.06,42.27,1005,88,0.39,261,65,Mist,mist,2,45.85,75.22,312.39,25.14,64.16,33.8,12.0,5.0
2026-05-12 14:04:27.451662,Kolkata,34.03,32.19,31.48,37.46,1010,28,5.59,279,10,Clear,sunny,3,86.74,119.05,209.97,11.36,98.84,31.32,14.0,5.0
2026-05-12 15:30:51.451662,Mumbai,34.49,35.1,32.57,37.58,1008,91,1.93,76,61,Mist,mist,2,55.36,94.5,1107.75,59.73,90.9,5.04,15.0,5.0
2026-05-12 16:57:15.451662,Kolkata,34.39,33.04,31.46,37.14,1012,53,8.74,312,57,Clouds,scattered clouds,5,280.19,414.82,1167.33,25.14,64.43,5.27,16.0,5.0
2026-05-12 18:23:39.451662,Hyderabad,29.67,30.35,27.44,31.28,1020,60,6.87,308,11,Clear,clear sky,3,60.25,73.78,793.65,50.59,54.37,27.71,18.0,5.0
2026-05-12 19:50:03.451662,Kolkata,29.91,29.63,26.46,33.06,1004,44,0.82,219,10,Clear,clear sky,4,117.14,169.41,1125.58,42.73,82.83,36.68,19.0,5.0
2026-05-12 21:16:27.451662,Bangalore,21.94,21.69,19.21,24.41,1005,64,3.7,190,61,Clouds,broken clouds,1,13.91,28.92,317.5,23.9,111.28,24.1,21.0,5.0
2026-05-12 22:42:51.451662,Delhi,27.71,26.15,26.14,29.41,1019,57,6.64,87,76,Clouds,few clouds,3,86.09,129.62,790.17,36.7,32.1,13.62,22.0,5.0
2026-05-13 00:09:15.451662,Kolkata,28.68,28.63,25.32,32.08,1023,81,0.9,200,85,Mist,mist,4,116.29,169.86,1106.87,49.05,19.39,19.09,0.0,5.0
2026-05-13 01:35:39.451662,Ahmedabad,27.76,27.79,26.08,30.99,1016,78,3.09,87,89,Rain,light rain,4,143.78,203.2,628.92,48.92,67.33,7.69,1.0,5.0
2026-05-13 03:02:03.451662,Delhi,25.11,25.05,23.31,26.87,1006,74,3.31,269,93,Rain,heavy intensity rain,5,263.52,389.05,1073.31,8.12,101.37,23.71,3.0,5.0
2026-05-13 04:28:27.451662,Kolkata,28.74,30.07,26.44,30.83,1026,63,6.23,137,37,Haze,haze,4,91.06,133.67,990.13,21.33,84.47,32.52,4.0,5.0
2026-05-13 05:54:51.451662,Ahmedabad,32.6,32.19,30.42,35.1,1007,80,4.12,145,76,Drizzle,drizzle,4,106.03,156.72,1023.74,69.28,55.66,5.39,5.0,5.0
2026-05-13 07:21:15.451662,Hyderabad,28.51,27.18,26.06,30.02,1014,43,0.4,201,77,Clouds,scattered clouds,1,19.38,32.98,544.6,17.07,71.95,37.86,7.0,5.0
2026-05-13 08:47:39.451662,Delhi,31.23,31.11,28.69,33.9,1015,61,1.82,235,19,Haze,haze,4,149.99,232.93,649.58,67.76,72.95,39.97,8.0,5.0
2026-05-13 10:14:03.451662,Ahmedabad,34.29,33.2,32.13,36.02,1010,27,7.87,207,8,Clear,clear sky,4,148.51,217.41,364.73,37.24,41.6,30.0,10.0,5.0
2026-05-13 11:40:27.451662,Mumbai,36.68,36.37,34.08,39.83,1015,41,2.94,64,3,Clear,sunny,2,51.88,49.16,306.55,56.63,38.58,11.68,11.0,5.0
2026-05-13 13:06:51.451662,Ahmedabad,39.08,39.04,35.96,41.6,1009,76,0.78,355,71,Clouds,few clouds,2,32.99,59.57,1132.5,69.46,88.08,20.32,13.0,5.0
2026-05-13 14:33:15.451662,Delhi,33.46,33.79,31.78,35.98,1011,85,8.29,45,88,Thunderstorm,thunderstorm with light rain,3,80.28,124.73,563.32,34.27,21.67,27.48,14.0,5.0
2026-05-13 15:59:39.451662,Bangalore,30.0,30.01,27.7,33.21,997,87,4.06,358,94,Rain,heavy intensity rain,2,55.12,96.14,1108.41,63.6,12.13,14.43,15.0,5.0
2026-05-13 17:26:03.451662,Kolkata,29.64,29.67,27.51,31.75,1005,63,1.62,76,47,Haze,haze,4,104.04,153.42,703.07,11.22,78.2,14.93,17.0,5.0
2026-05-13 18:52:27.451662,Chennai,33.16,33.93,30.64,35.61,1011,49,7.56,269,12,Clear,clear sky,1,28.42,43.56,691.74,72.22,98.74,2.14,18.0,5.0
2026-05-13 20:18:51.451662,Pune,23.81,23.56,20.61,26.28,1008,57,3.92,164,47,Clouds,scattered clouds,2,31.57,44.59,258.22,74.53,81.33,16.42,20.0,5.0
2026-05-13 21:45:15.451662,Pune,25.1,24.82,22.29,27.36,1021,83,2.75,303,100,Rain,moderate rain,1,26.26,41.43,838.14,29.04,20.29,18.23,21.0,5.0
2026-05-13 23:11:39.451662,Ahmedabad,23.67,23.75,20.64,25.44,1008,88,2.29,250,93,Mist,mist,4,130.38,190.91,1173.37,64.29,36.72,36.52,23.0,5.0
2026-05-14 00:38:03.451662,Pune,22.36,23.46,19.05,25.56,1007,65,3.9,270,26,Haze,haze,2,45.27,62.4,398.93,50.13,16.68,17.71,0.0,5.0
2026-05-14 02:04:27.451662,Delhi,20.84,21.12,18.48,23.28,1019,92,1.67,175,79,Mist,mist,5,275.24,401.8,1054.62,65.17,48.36,28.37,2.0,5.0
2026-05-14 03:30:51.451662,Chennai,28.35,27.1,26.16,31.52,1025,69,1.18,157,87,Drizzle,heavy intensity drizzle,2,41.06,52.13,408.23,23.79,98.65,12.63,3.0,5.0
2026-05-14 04:57:15.451662,Chennai,30.99,31.02,28.5,32.57,1023,58,8.86,151,30,Haze,haze,3,76.52,109.62,352.23,55.0,41.27,24.26,4.0,5.0
2026-05-14 06:23:39.451662,Mumbai,29.46,30.19,27.66,32.83,1003,87,3.63,115,97,Mist,mist,3,83.52,106.76,985.01,64.65,24.9,19.01,6.0,5.0
2026-05-14 07:50:03.451662,Chennai,33.97,33.36,32.44,36.04,994,85,4.1,220,94,Rain,light rain,3,76.68,114.27,331.01,50.07,13.77,20.91,7.0,5.0
2026-05-14 09:16:27.451662,Mumbai,34.48,35.27,31.87,37.46,1021,70,3.22,159,58,Clouds,scattered clouds,3,65.48,99.77,606.82,39.5,42.74,3.25,9.0,5.0
2026-05-14 10:42:51.451662,Delhi,33.8,32.73,31.66,36.98,1011,61,5.99,230,79,Clouds,overcast clouds,4,117.14,177.33,1089.75,5.69,32.15,38.44,10.0,5.0
2026-05-14 12:09:15.451662,Ahmedabad,34.3,34.12,32.42,36.83,1019,52,8.2,323,10,Clear,sunny,3,81.61,119.81,526.89,5.81,87.11,6.3,12.0,5.0
2026-05-14 13:35:39.451662,Kolkata,35.22,35.59,31.9,37.83,1007,86,4.89,287,85,Mist,mist,2,44.36,65.17,205.08,73.83,31.72,39.4,13.0,5.0
2026-05-14 15:02:03.451662,Chennai,38.29,39.96,35.25,40.0,1004,91,8.67,117,71,Drizzle,drizzle,3,66.57,102.24,1020.47,48.82,65.94,14.1,15.0,5.0
2026-05-14 16:28:27.451662,Kolkata,31.58,31.32,28.57,33.63,1015,88,8.17,298,84,Mist,mist,3,78.33,126.49,1086.83,33.38,92.47,5.68,16.0,5.0
2026-05-14 17:54:51.451662,Mumbai,33.13,33.67,29.79,35.82,1018,90,3.61,197,55,Mist,mist,3,83.4,125.17,805.07,46.99,63.5,21.19,17.0,5.0
2026-05-14 19:21:15.451662,Kolkata,29.85,29.35,27.54,32.12,1007,81,7.21,22,88,Rain,heavy intensity rain,2,45.55,72.39,467.21,43.18,26.22,25.24,19.0,5.0
2026-05-14 20:47:39.451662,Chennai,33.53,33.83,31.15,35.12,1012,70,5.03,30,31,Haze,haze,2,56.85,82.26,567.85,15.71,86.55,8.25,20.0,5.0
2026-05-14 22:14:03.451662,Mumbai,29.56,30.44,26.2,32.32,1011,95,3.74,336,99,Mist,mist,2,39.67,47.08,250.51,8.29,89.24,18.89,22.0,5.0
2026-05-14 23:40:27.451662,Bangalore,19.48,19.29,16.7,21.03,1012,80,4.04,336,88,Drizzle,drizzle,2,40.65,51.26,501.46,12.09,93.42,25.03,23.0,5.0
2026-05-15 01:06:51.451662,Bangalore,19.69,18.17,17.98,22.18,1014,25,1.7,233,4,Clear,clear sky,2,38.51,46.04,1095.79,53.99,48.4,38.72,1.0,5.0
2026-05-15 02:33:15.451662,Delhi,24.91,23.91,23.11,27.29,1008,76,7.01,138,53,Clouds,scattered clouds,3,81.42,123.82,562.58,9.98,118.83,3.49,2.0,5.0
2026-05-15 03:59:39.451662,Kolkata,25.83,26.63,22.85,27.71,1008,81,5.29,31,23,Haze,haze,4,94.08,163.79,753.68,19.13,16.19,5.07,3.0,5.0
2026-05-15 05:26:03.451662,Ahmedabad,32.1,30.94,30.25,35.03,1008,61,6.44,62,91,Clouds,few clouds,4,123.4,193.43,904.49,39.04,69.47,34.28,5.0,5.0
2026-05-15 06:52:27.451662,Ahmedabad,28.01,26.54,25.33,29.69,1018,85,4.05,103,100,Rain,heavy intensity rain,1,20.1,41.69,977.94,68.1,73.77,25.52,6.0,5.0
2026-05-15 08:18:51.451662,Kolkata,33.81,33.74,31.99,37.1,1012,53,6.27,304,5,Clear,sunny,4,122.19,183.56,501.39,51.95,26.56,19.82,8.0,5.0
2026-05-15 09:45:15.451662,Kolkata,37.99,37.64,35.88,40.87,995,77,7.82,66,91,Rain,heavy intensity rain,2,43.01,62.84,381.81,11.44,88.55,9.46,9.0,5.0
2026-05-15 11:11:39.451662,Ahmedabad,34.93,34.27,33.06,37.29,1018,67,7.41,0,51,Clouds,overcast clouds,1,27.2,42.4,1096.75,20.8,35.03,12.62,11.0,5.0
2026-05-15 12:38:03.451662,Mumbai,36.97,36.61,35.24,39.54,1002,35,4.1,226,0,Clear,clear sky,3,76.72,124.9,876.98,42.29,20.34,13.05,12.0,5.0
2026-05-15 14:04:27.451662,Pune,32.31,32.17,30.73,35.55,1008,39,4.76,45,5,Clear,sunny,2,48.43,69.6,898.83,69.04,25.42,22.68,14.0,5.0
2026-05-15 15:30:51.451662,Kolkata,34.04,33.12,31.75,36.21,1013,36,5.25,95,8,Clear,clear sky,5,239.89,374.02,278.34,10.44,103.53,10.09,15.0,5.0
2026-05-15 16:57:15.451662,Mumbai,34.72,35.29,31.36,37.89,1000,85,8.96,247,84,Mist,mist,4,114.9,163.85,312.86,50.71,100.26,12.84,16.0,5.0
2026-05-15 18:23:39.451662,Delhi,29.58,29.3,26.98,32.36,1027,40,2.56,126,23,Clear,sunny,4,111.29,169.16,584.16,67.7,26.35,19.33,18.0,5.0
2026-05-15 19:50:03.451662,Delhi,26.34,26.03,22.92,28.76,1008,31,2.37,195,6,Clear,clear sky,5,265.77,405.39,1029.64,57.8,114.02,17.54,19.0,5.0
2026-05-15 21:16:27.451662,Ahmedabad,27.26,27.71,25.53,30.2,1022,88,4.65,267,94,Drizzle,heavy intensity drizzle,3,84.32,115.48,542.02,67.42,40.23,29.86,21.0,5.0
2026-05-15 22:42:51.451662,Ahmedabad,29.34,29.12,27.84,31.08,1025,76,4.95,300,51,Clouds,broken clouds,4,132.33,203.48,617.45,59.8,67.4,4.82,22.0,5.0
2026-05-16 00:09:15.451662,Bangalore,21.12,21.83,19.24,23.87,1003,85,3.23,134,81,Drizzle,heavy intensity drizzle,2,57.12,89.83,802.51,27.19,107.7,33.94,0.0,5.0
2026-05-16 01:35:39.451662,Pune,21.79,22.19,19.54,23.58,1004,80,3.83,28,88,Drizzle,heavy intensity drizzle,1,23.24,26.79,950.67,41.65,76.35,14.37,1.0,5.0
2026-05-16 03:02:03.451662,Ahmedabad,27.76,27.38,24.89,30.82,1004,78,0.47,122,88,Drizzle,light intensity drizzle,4,128.41,187.84,273.25,65.92,92.77,30.63,3.0,5.0
2026-05-16 04:28:27.451662,Ahmedabad,30.4,30.59,27.51,33.64,1002,84,3.28,76,97,Rain,moderate rain,3,70.73,110.63,374.61,29.17,117.17,39.48,4.0,5.0
2026-05-16 05:54:51.451662,Pune,27.29,27.6,24.79,29.33,1016,79,1.77,315,98,Rain,moderate rain,1,19.49,28.08,506.24,67.84,17.96,35.48,5.0,5.0
2026-05-16 07:21:15.451662,Hyderabad,31.62,31.19,28.73,34.71,1009,58,3.26,53,43,Haze,haze,3,63.0,98.37,962.03,45.3,102.49,3.27,7.0,5.0
2026-05-16 08:47:39.451662,Bangalore,26.02,26.16,24.24,27.71,1014,88,3.99,182,98,Rain,moderate rain,4,123.24,191.04,662.69,65.49,29.76,38.46,8.0,5.0
2026-05-16 10:14:03.451662,Pune,29.44,29.12,26.33,32.92,1016,71,3.58,280,48,Haze,haze,2,34.88,53.35,246.43,6.03,111.36,6.89,10.0,5.0
2026-05-16 11:40:27.451662,Kolkata,37.27,36.35,35.61,39.92,1013,59,8.45,56,61,Haze,haze,5,240.4,366.36,1182.58,44.59,96.67,33.94,11.0,5.0
2026-05-16 13:06:51.451662,Delhi,31.29,30.88,28.75,33.7,1013,78,0.57,280,91,Rain,moderate rain,1,13.53,10.37,838.46,26.51,42.3,17.18,13.0,5.0
2026-05-16 14:33:15.451662,Mumbai,35.8,35.88,34.22,37.55,1006,91,8.88,332,79,Drizzle,drizzle,3,60.02,82.96,518.35,33.59,118.98,11.41,14.0,5.0
2026-05-16 15:59:39.451662,Kolkata,35.83,33.93,33.57,38.15,1020,51,6.63,244,49,Clouds,broken clouds,4,105.21,154.81,1054.74,74.72,30.26,18.6,15.0,5.0
2026-05-16 17:26:03.451662,Mumbai,30.54,28.92,28.16,32.17,1021,22,4.34,110,16,Clear,sunny,3,71.49,99.72,1042.46,22.14,105.31,3.27,17.0,5.0
2026-05-16 18:52:27.451662,Delhi,26.55,26.72,24.47,28.08,1020,84,5.3,184,71,Mist,mist,3,79.84,111.2,516.38,77.99,31.31,15.14,18.0,5.0
2026-05-16 20:18:51.451662,Pune,28.4,29.31,26.69,31.55,1014,94,2.13,106,89,Drizzle,light intensity drizzle,1,16.43,25.68,1144.97,41.14,72.83,33.37,20.0,5.0
2026-05-16 21:45:15.451662,Chennai,29.4,28.24,27.36,32.51,1016,71,0.68,242,75,Drizzle,heavy intensity drizzle,2,56.55,99.86,509.56,26.92,99.22,5.33,21.0,5.0
2026-05-16 23:11:39.451662,Hyderabad,25.5,27.66,23.78,27.87,1009,97,8.76,50,64,Mist,mist,3,73.4,122.83,514.11,52.51,21.64,25.88,23.0,5.0
2026-05-17 00:38:03.451662,Ahmedabad,25.1,26.63,23.18,26.89,1019,97,8.17,172,90,Thunderstorm,thunderstorm with light rain,2,59.95,88.81,824.94,59.67,112.51,12.6,0.0,5.0
2026-05-17 02:04:27.451662,Chennai,28.23,29.19,24.86,30.2,1025,70,1.03,157,24,Haze,haze,3,67.84,95.56,218.93,7.69,110.63,15.38,2.0,5.0
2026-05-17 03:30:51.451662,Bangalore,21.51,21.65,19.1,24.59,1018,65,7.6,40,47,Clouds,broken clouds,1,15.97,15.79,886.87,73.5,76.94,23.27,3.0,5.0
2026-05-17 04:57:15.451662,Ahmedabad,29.13,28.85,27.51,32.27,1006,68,1.1,286,54,Clouds,overcast clouds,2,59.73,98.18,239.71,67.96,59.3,26.19,4.0,5.0
2026-05-17 06:23:39.451662,Mumbai,32.5,32.85,30.18,34.46,1016,77,3.83,356,60,Mist,mist,4,119.87,197.44,210.67,63.24,100.38,4.26,6.0,5.0
2026-05-17 07:50:03.451662,Chennai,32.42,32.74,30.72,35.34,1027,92,0.57,75,78,Mist,mist,4,110.79,162.26,338.65,14.55,29.32,38.49,7.0,5.0
2026-05-17 09:16:27.451662,Kolkata,35.46,34.58,33.29,37.86,1010,51,5.26,353,46,Clouds,few clouds,4,127.91,179.2,329.9,58.66,17.61,14.59,9.0,5.0
2026-05-17 10:42:51.451662,Pune,32.45,33.23,30.12,35.65,992,83,2.3,245,80,Mist,mist,3,86.79,125.25,1062.68,38.25,74.44,39.09,10.0,5.0
2026-05-17 12:09:15.451662,Chennai,39.82,39.29,36.72,42.53,1011,53,2.03,227,21,Clear,clear sky,4,149.3,212.44,942.31,62.78,64.96,13.6,12.0,5.0
2026-05-17 13:35:39.451662,Ahmedabad,33.91,34.47,31.84,35.41,1006,89,1.4,217,78,Mist,mist,2,48.87,63.02,1038.89,7.42,67.22,23.55,13.0,5.0
2026-05-17 15:02:03.451662,Bangalore,27.4,28.03,25.09,28.97,1020,92,5.09,190,68,Mist,mist,2,42.12,50.88,505.43,63.59,50.25,11.18,15.0,5.0
2026-05-17 16:28:27.451662,Kolkata,31.4,31.56,29.15,33.63,992,79,0.75,317,49,Haze,haze,3,83.5,137.26,636.21,19.61,99.76,32.5,16.0,5.0
2026-05-17 17:54:51.451662,Pune,25.91,25.27,23.93,29.28,1009,74,4.83,9,73,Drizzle,drizzle,1,7.37,3.87,219.73,15.14,86.47,6.57,17.0,5.0
2026-05-17 19:21:15.451662,Ahmedabad,29.16,29.94,26.79,32.55,1009,88,4.37,358,91,Mist,mist,3,60.09,104.55,357.66,18.05,93.68,2.6,19.0,5.0
2026-05-17 20:47:39.451662,Ahmedabad,25.86,26.2,23.26,28.08,1019,92,1.39,85,81,Rain,heavy intensity rain,3,86.14,120.93,623.39,5.34,44.46,22.02,20.0,5.0
2026-05-17 22:14:03.451662,Bangalore,20.05,19.58,17.88,22.89,1010,78,2.18,290,92,Rain,moderate rain,2,50.32,78.53,997.8,74.11,117.64,2.41,22.0,5.0
2026-05-17 23:40:27.451662,Chennai,26.73,27.14,25.19,29.86,1007,67,0.42,166,36,Haze,haze,3,62.57,95.52,804.8,41.01,99.72,4.38,23.0,5.0
2026-05-18 01:06:51.451662,Mumbai,26.6,26.32,24.65,28.15,1016,57,6.59,133,2,Clear,sunny,1,8.53,16.39,787.8,68.55,58.54,2.68,1.0,5.0
2026-05-18 02:33:15.451662,Pune,23.16,23.12,20.24,25.09,1019,94,0.65,299,95,Thunderstorm,thunderstorm with rain,2,49.33,77.68,964.26,79.49,93.41,32.16,2.0,5.0
2026-05-18 03:59:39.451662,Kolkata,27.0,27.56,25.24,29.89,1022,87,2.09,93,64,Drizzle,light intensity drizzle,5,262.01,386.47,410.93,55.44,87.47,23.23,3.0,5.0
2026-05-18 05:26:03.451662,Kolkata,28.75,28.41,26.92,30.5,1028,30,0.53,217,0,Clear,sunny,2,40.06,54.21,1168.07,61.47,99.23,3.25,5.0,5.0
2026-05-18 06:52:27.451662,Ahmedabad,34.68,35.13,33.08,36.5,998,88,7.37,79,79,Mist,mist,2,39.52,68.53,653.37,43.78,94.0,19.0,6.0,5.0
2026-05-18 08:18:51.451662,Ahmedabad,34.74,33.05,32.79,37.39,1009,28,3.98,17,1,Clear,sunny,3,77.42,106.19,523.98,49.03,17.34,33.53,8.0,5.0
2026-05-18 09:45:15.451662,Hyderabad,35.83,35.25,34.2,38.49,1017,84,3.41,220,96,Drizzle,drizzle,3,89.09,133.32,1058.37,76.76,64.89,37.4,9.0,5.0
2026-05-18 11:11:39.451662,Pune,33.93,34.54,32.16,35.53,996,100,7.05,255,78,Rain,moderate rain,2,59.42,90.67,365.99,60.94,51.61,19.98,11.0,5.0
2026-05-18 12:38:03.451662,Hyderabad,35.59,33.66,33.71,37.76,1012,70,6.63,211,79,Clouds,scattered clouds,1,26.79,31.63,613.93,25.25,32.75,26.85,12.0,5.0
2026-05-18 14:04:27.451662,Chennai,35.93,36.14,34.15,38.72,1012,82,3.62,96,86,Drizzle,heavy intensity drizzle,2,50.84,84.94,403.78,60.72,85.42,30.84,14.0,5.0
2026-05-18 15:30:51.451662,Pune,34.27,34.09,31.47,37.08,1014,87,8.62,300,89,Thunderstorm,thunderstorm with light rain,1,26.83,26.41,447.93,74.58,112.53,29.38,15.0,5.0
2026-05-18 16:57:15.451662,Pune,29.56,28.91,27.43,31.91,1014,88,2.99,245,96,Rain,light rain,1,16.72,21.16,353.36,60.0,10.05,24.65,16.0,5.0
2026-05-18 18:23:39.451662,Hyderabad,29.11,29.08,26.71,31.46,1011,43,1.66,133,14,Clear,sunny,2,37.57,65.37,307.79,41.57,86.74,22.14,18.0,5.0
2026-05-18 19:50:03.451662,Pune,28.54,28.49,25.13,31.51,1006,89,6.06,196,86,Thunderstorm,thunderstorm with rain,2,34.57,38.26,327.58,69.45,75.43,14.74,19.0,5.0
2026-05-18 21:16:27.451662,Bangalore,22.69,22.49,20.61,24.7,1019,93,6.08,51,68,Mist,mist,1,29.82,43.23,1097.42,54.21,107.0,20.44,21.0,5.0
2026-05-18 22:42:51.451662,Delhi,25.37,24.86,23.18,26.99,1017,65,2.65,82,39,Haze,haze,3,68.06,90.15,512.68,12.94,12.05,32.58,22.0,5.0
2026-05-19 00:09:15.451662,Hyderabad,25.02,25.12,23.52,27.51,999,92,6.85,29,69,Mist,mist,3,78.04,113.54,354.68,38.87,54.88,28.12,0.0,5.0
2026-05-19 01:35:39.451662,Ahmedabad,27.73,27.69,24.53,29.27,1002,65,5.56,88,40,Haze,haze,5,293.75,437.68,1062.33,26.26,85.54,27.62,1.0,5.0
2026-05-19 03:02:03.451662,Ahmedabad,25.5,24.35,23.47,28.07,1008,79,4.21,292,89,Mist,mist,3,84.81,119.95,1127.21,49.14,54.85,26.74,3.0,5.0
2026-05-19 04:28:27.451662,Bangalore,21.45,20.87,18.95,24.06,1012,77,5.16,165,85,Rain,moderate rain,3,73.01,106.28,371.7,54.03,12.8,4.42,4.0,5.0
2026-05-19 05:54:51.451662,Bangalore,24.27,23.98,20.77,27.74,1011,72,7.97,305,90,Rain,light rain,2,34.45,41.35,785.49,28.67,19.56,10.47,5.0,5.0
2026-05-19 07:21:15.451662,Ahmedabad,32.31,31.84,29.66,35.67,1032,77,7.51,101,71,Drizzle,drizzle,3,88.89,130.87,437.25,24.7,65.49,30.27,7.0,5.0
2026-05-19 08:47:39.451662,Hyderabad,30.82,30.21,27.94,34.09,1022,71,4.61,336,85,Drizzle,heavy intensity drizzle,2,56.67,75.01,882.73,57.56,89.93,37.82,8.0,5.0
2026-05-19 10:14:03.451662,Pune,32.41,32.32,30.01,34.15,998,83,4.01,110,83,Drizzle,heavy intensity drizzle,2,59.32,85.65,799.36,36.41,57.5,4.05,10.0,5.0
2026-05-19 11:40:27.451662,Mumbai,37.81,36.8,35.89,40.29,1003,37,0.47,20,0,Clear,sunny,2,35.21,56.41,1006.01,23.99,37.38,24.43,11.0,5.0
2026-05-19 13:06:51.451662,Pune,32.7,32.46,30.52,34.49,1007,55,7.76,25,43,Haze,haze,1,29.34,43.07,363.56,37.69,59.75,2.61,13.0,5.0
2026-05-19 14:33:15.451662,Ahmedabad,35.62,33.64,33.8,38.65,1013,49,4.59,261,4,Clear,clear sky,3,70.69,110.36,680.79,79.4,85.53,33.97,14.0,5.0
2026-05-19 15:59:39.451662,Mumbai,37.17,36.76,34.15,39.3,1010,50,4.3,23,8,Clear,clear sky,1,20.51,32.35,1192.8,14.54,17.96,35.38,15.0,5.0
2026-05-19 17:26:03.451662,Kolkata,33.27,32.26,31.69,35.78,1013,46,5.38,244,58,Clouds,scattered clouds,3,81.61,112.4,249.16,48.01,103.9,11.19,17.0,5.0
2026-05-19 18:52:27.451662,Mumbai,31.81,31.9,29.47,34.53,1012,79,1.21,93,71,Drizzle,drizzle,2,57.61,113.73,705.74,66.28,104.71,25.39,18.0,5.0
2026-05-19 20:18:51.451662,Mumbai,31.3,30.92,28.21,34.63,1014,81,1.78,333,67,Drizzle,heavy intensity drizzle,1,27.92,47.77,785.12,38.22,13.76,14.15,20.0,5.0
2026-05-19 21:45:15.451662,Mumbai,28.81,28.66,27.29,30.59,1016,83,3.1,333,90,Drizzle,drizzle,2,54.95,80.04,1142.23,44.54,45.76,8.01,21.0,5.0
2026-05-19 23:11:39.451662,Bangalore,21.4,20.86,19.73,23.87,1016,55,4.77,267,32,Haze,haze,2,53.31,80.22,643.78,47.81,67.98,3.45,23.0,5.0
2026-05-20 00:38:03.451662,Delhi,25.17,24.03,23.33,28.01,1008,42,5.6,253,3,Clear,clear sky,2,59.4,91.68,996.95,9.72,85.52,15.93,0.0,5.0
2026-05-20 02:04:27.451662,Hyderabad,24.62,24.54,22.78,27.64,1000,89,7.03,67,84,Mist,mist,5,233.53,346.28,226.6,47.15,33.57,14.95,2.0,5.0
2026-05-20 03:30:51.451662,Kolkata,26.01,25.22,24.28,28.7,1013,81,2.69,348,99,Drizzle,drizzle,4,134.18,206.77,629.6,46.57,46.16,29.38,3.0,5.0
2026-05-20 04:57:15.451662,Hyderabad,24.91,25.5,21.77,27.59,1011,91,2.49,178,87,Mist,mist,1,22.41,50.09,879.81,46.9,78.74,5.67,4.0,5.0
2026-05-20 06:23:39.451662,Bangalore,26.97,24.67,25.15,28.71,1019,35,6.92,205,18,Clear,clear sky,3,76.78,106.46,658.28,54.46,110.59,5.42,6.0,5.0
2026-05-20 07:50:03.451662,Pune,29.62,29.95,27.38,31.37,1013,81,0.66,25,96,Rain,heavy intensity rain,1,18.34,32.62,444.23,47.03,12.39,21.78,7.0,5.0
2026-05-20 09:16:27.451662,Bangalore,31.0,32.42,28.64,34.48,998,75,8.37,303,69,Drizzle,light intensity drizzle,2,49.91,61.13,747.13,8.06,44.65,23.87,9.0,5.0
2026-05-20 10:42:51.451662,Bangalore,28.72,26.47,26.21,30.28,1011,28,1.45,289,16,Clear,clear sky,2,45.13,71.91,466.23,43.59,21.76,27.08,10.0,5.0
2026-05-20 12:09:15.451662,Pune,33.23,33.11,30.26,35.98,1025,91,7.73,351,99,Rain,heavy intensity rain,3,83.84,128.7,241.37,33.42,13.82,5.88,12.0,5.0
2026-05-20 13:35:39.451662,Chennai,39.76,39.0,37.56,43.12,1011,44,7.26,325,18,Clear,sunny,3,64.74,98.01,422.65,58.81,113.76,22.06,13.0,5.0
2026-05-20 15:02:03.451662,Bangalore,25.9,25.4,23.09,29.19,1020,66,3.72,204,63,Clouds,scattered clouds,3,85.86,129.06,919.18,48.87,85.82,37.69,15.0,5.0
2026-05-20 16:28:27.451662,Ahmedabad,34.31,33.61,30.93,36.88,1022,78,5.48,20,91,Drizzle,heavy intensity drizzle,4,118.5,165.63,933.92,35.83,49.06,17.47,16.0,5.0
2026-05-20 17:54:51.451662,Kolkata,33.42,33.25,30.6,35.72,1018,79,8.21,274,85,Rain,moderate rain,2,33.78,41.7,533.51,21.42,64.62,12.53,17.0,5.0
2026-05-20 19:21:15.451662,Kolkata,26.01,25.41,23.33,29.38,1030,29,0.37,2,3,Clear,clear sky,4,127.31,190.48,629.32,35.59,22.53,27.69,19.0,5.0
2026-05-20 20:47:39.451662,Ahmedabad,30.55,29.94,27.18,32.2,1032,76,4.66,85,81,Drizzle,drizzle,4,116.58,189.43,991.91,48.73,109.98,37.8,20.0,5.0
2026-05-20 22:14:03.451662,Bangalore,20.91,20.22,18.35,22.94,1006,38,8.13,146,9,Clear,clear sky,3,63.82,96.36,701.45,44.06,59.32,11.73,22.0,5.0
2026-05-20 23:40:27.451662,Ahmedabad,25.47,25.13,22.29,28.0,1012,50,1.51,145,11,Clear,sunny,2,33.79,42.35,647.98,19.17,39.55,22.31,23.0,5.0
2026-05-21 01:06:51.451662,Kolkata,25.12,24.79,22.08,27.49,1006,87,3.18,119,87,Drizzle,heavy intensity drizzle,3,89.69,140.3,1010.72,8.36,42.61,12.65,1.0,5.0
2026-05-21 02:33:15.451662,Pune,22.46,21.64,20.91,24.12,998,46,3.94,37,40,Clouds,broken clouds,3,70.08,117.43,1025.32,66.19,112.83,33.96,2.0,5.0
2026-05-21 03:59:39.451662,Ahmedabad,29.76,29.48,26.37,31.46,1015,82,2.61,158,100,Rain,moderate rain,3,76.95,121.22,458.65,30.55,17.05,8.82,3.0,5.0
2026-05-21 05:26:03.451662,Chennai,32.11,32.04,29.0,34.35,1014,65,5.94,26,18,Haze,haze,3,71.04,96.26,449.88,51.22,64.88,39.59,5.0,5.0
2026-05-21 06:52:27.451662,Ahmedabad,30.28,30.97,28.01,32.2,1009,85,5.8,116,96,Thunderstorm,thunderstorm with light rain,3,82.97,120.01,790.23,57.15,47.82,28.37,6.0,5.0
2026-05-21 08:18:51.451662,Chennai,35.85,35.45,33.89,38.99,996,63,2.87,52,86,Clouds,overcast clouds,2,41.89,64.9,988.12,67.66,27.89,34.47,8.0,5.0
2026-05-21 09:45:15.451662,Hyderabad,33.32,34.08,30.66,36.38,1017,90,1.97,103,76,Mist,mist,3,75.94,106.86,1073.63,10.67,37.14,28.42,9.0,5.0
2026-05-21 11:11:39.451662,Kolkata,36.77,35.39,35.13,39.43,1023,60,6.56,184,63,Clouds,few clouds,5,271.91,408.89,926.98,33.35,10.89,2.35,11.0,5.0
2026-05-21 12:38:03.451662,Pune,31.12,29.03,28.55,33.02,1009,24,4.72,344,4,Clear,sunny,2,35.01,38.38,901.71,8.95,16.52,13.6,12.0,5.0
2026-05-21 14:04:27.451662,Delhi,33.21,34.61,31.59,35.26,1029,95,8.34,56,67,Mist,mist,3,89.53,124.02,861.65,79.96,38.94,23.89,14.0,5.0
2026-05-21 15:30:51.451662,Ahmedabad,33.7,32.87,31.07,35.47,1011,41,1.61,291,20,Clear,sunny,1,29.3,37.55,1087.56,26.23,58.18,15.49,15.0,5.0
2026-05-21 16:57:15.451662,Chennai,36.28,37.18,33.34,38.34,1005,88,7.57,15,72,Mist,mist,2,43.73,81.43,665.04,56.74,107.24,9.87,16.0,5.0
2026-05-21 18:23:39.451662,Chennai,32.63,32.01,30.13,34.22,1006,47,3.33,5,17,Clear,clear sky,4,127.43,194.83,1031.99,47.89,74.23,9.97,18.0,5.0
2026-05-21 19:50:03.451662,Kolkata,29.07,28.99,26.99,30.89,1006,84,5.04,76,94,Drizzle,heavy intensity drizzle,3,73.91,111.66,341.93,27.85,100.48,10.31,19.0,5.0
2026-05-21 21:16:27.451662,Bangalore,22.99,21.65,19.53,24.83,995,62,3.41,289,83,Clouds,few clouds,3,68.54,102.73,278.27,75.01,49.94,34.1,21.0,5.0
2026-05-21 22:42:51.451662,Delhi,21.91,21.46,19.58,24.31,1008,71,7.49,18,72,Drizzle,drizzle,4,99.56,141.84,315.68,75.97,90.67,26.22,22.0,5.0
2026-05-22 00:09:15.451662,Ahmedabad,28.05,28.23,25.79,30.23,1028,55,5.7,355,12,Clear,clear sky,4,94.34,154.95,696.18,66.85,54.24,5.89,0.0,5.0
2026-05-22 01:35:39.451662,Hyderabad,22.34,22.18,19.82,24.75,1011,82,6.97,108,70,Drizzle,heavy intensity drizzle,1,8.84,5.31,710.21,14.59,91.29,17.08,1.0,5.0
2026-05-22 03:02:03.451662,Bangalore,20.83,20.83,19.28,22.82,1009,79,1.63,7,99,Rain,light rain,1,17.26,26.71,899.71,23.47,109.37,5.97,3.0,5.0
2026-05-22 04:28:27.451662,Kolkata,28.56,28.78,26.21,30.53,1015,76,8.95,274,88,Drizzle,drizzle,5,208.06,297.84,1043.48,56.63,42.44,36.71,4.0,5.0
2026-05-22 05:54:51.451662,Pune,27.46,27.27,25.64,29.79,1005,62,7.55,28,40,Haze,haze,1,21.7,37.34,789.83,20.05,41.61,8.15,5.0,5.0
2026-05-22 07:21:15.451662,Chennai,33.55,34.09,31.81,35.16,999,86,3.88,315,93,Rain,light rain,2,56.11,86.36,592.7,48.33,66.66,28.06,7.0,5.0
2026-05-22 08:47:39.451662,Hyderabad,30.55,29.05,28.15,32.62,1023,51,2.89,89,83,Clouds,broken clouds,2,45.25,61.73,474.79,13.2,82.58,14.12,8.0,5.0
2026-05-22 10:14:03.451662,Bangalore,28.73,29.15,25.41,31.23,1013,59,8.7,331,53,Haze,haze,1,9.99,7.59,650.9,31.43,71.04,9.15,10.0,5.0
2026-05-22 11:40:27.451662,Ahmedabad,35.66,35.3,33.64,37.49,1013,58,3.23,312,76,Clouds,broken clouds,4,97.96,141.74,775.28,14.82,60.33,12.19,11.0,5.0
2026-05-22 13:06:51.451662,Hyderabad,33.58,33.53,31.17,36.12,1024,84,7.54,190,77,Mist,mist,3,71.86,122.0,887.96,64.43,43.75,3.37,13.0,5.0
2026-05-22 14:33:15.451662,Ahmedabad,35.5,34.68,33.71,38.94,1014,28,8.54,321,5,Clear,clear sky,2,37.28,61.55,555.41,66.54,14.92,30.71,14.0,5.0
2026-05-22 15:59:39.451662,Bangalore,28.74,27.82,25.43,30.32,1011,75,4.06,347,86,Mist,mist,2,45.43,60.31,295.54,54.42,81.18,3.26,15.0,5.0
2026-05-22 17:26:03.451662,Pune,29.47,28.31,26.42,32.91,1008,37,4.36,216,16,Clear,sunny,3,69.82,107.93,759.88,64.23,91.27,25.76,17.0,5.0
2026-05-22 18:52:27.451662,Mumbai,31.5,30.32,29.27,33.71,1031,38,5.84,329,5,Clear,sunny,5,254.52,375.98,1062.86,40.66,119.39,39.24,18.0,5.0
2026-05-22 20:18:51.451662,Delhi,26.25,25.05,23.29,29.37,1016,47,7.77,185,45,Clouds,broken clouds,2,59.87,88.17,608.74,66.75,84.87,32.02,20.0,5.0
2026-05-22 21:45:15.451662,Mumbai,30.5,30.58,27.88,33.33,1002,94,8.81,102,64,Mist,mist,2,34.63,60.73,205.03,37.09,31.72,36.61,21.0,5.0
2026-05-22 23:11:39.451662,Hyderabad,23.81,24.68,21.2,26.16,1006,90,5.22,126,92,Rain,heavy intensity rain,1,6.45,0.0,1164.39,21.29,88.55,16.06,23.0,5.0
2026-05-23 00:38:03.451662,Kolkata,24.23,23.41,21.01,27.22,1015,88,3.9,306,100,Rain,heavy intensity rain,4,148.14,228.34,611.25,74.75,47.79,38.61,0.0,5.0
2026-05-23 02:04:27.451662,Pune,23.49,23.79,20.17,25.6,1016,93,5.03,112,89,Rain,heavy intensity rain,1,11.6,30.42,804.94,51.06,68.51,5.49,2.0,5.0
2026-05-23 03:30:51.451662,Hyderabad,24.95,24.81,23.18,28.28,1006,86,4.39,248,93,Rain,light rain,2,32.39,56.32,712.43,55.45,52.58,11.55,3.0,5.0
2026-05-23 04:57:15.451662,Chennai,30.28,32.09,27.8,32.91,1005,88,6.52,316,76,Mist,mist,3,77.12,121.48,503.73,30.26,72.46,33.6,4.0,5.0
2026-05-23 06:23:39.451662,Delhi,28.51,29.88,26.13,31.92,1019,81,5.59,162,54,Mist,mist,4,97.45,133.73,524.8,27.0,13.68,33.0,6.0,5.0
2026-05-23 07:50:03.451662,Chennai,31.86,31.79,28.87,33.72,1004,78,8.26,122,94,Rain,heavy intensity rain,3,73.06,111.42,1133.38,28.78,113.33,16.0,7.0,5.0
2026-05-23 09:16:27.451662,Mumbai,36.16,35.95,33.16,39.53,1016,80,5.45,289,88,Rain,heavy intensity rain,3,72.88,123.93,234.29,57.68,40.7,24.02,9.0,5.0
2026-05-23 10:42:51.451662,Ahmedabad,34.82,34.22,33.3,36.92,1013,73,5.72,42,93,Rain,heavy intensity rain,4,142.01,204.92,819.35,22.41,10.1,30.77,10.0,5.0
2026-05-23 12:09:15.451662,Kolkata,36.83,35.9,35.25,39.5,1006,67,2.3,206,61,Clouds,overcast clouds,4,121.61,172.99,652.77,23.25,106.51,30.23,12.0,5.0
2026-05-23 13:35:39.451662,Mumbai,35.92,35.18,33.59,37.45,1019,29,5.68,275,8,Clear,clear sky,2,57.26,100.84,957.3,22.03,34.34,8.13,13.0,5.0
2026-05-23 15:02:03.451662,Delhi,33.55,33.54,31.23,35.47,1032,78,4.5,22,64,Mist,mist,3,75.97,105.39,711.9,28.97,28.44,11.99,15.0,5.0
2026-05-23 16:28:27.451662,Kolkata,31.59,31.04,30.06,34.38,1011,41,4.08,209,10,Clear,sunny,1,26.53,50.81,432.34,51.8,60.64,3.5,16.0,5.0
2026-05-23 17:54:51.451662,Mumbai,34.06,34.51,31.6,35.91,1014,92,4.45,51,86,Rain,light rain,4,143.29,213.4,689.93,45.41,38.34,15.92,17.0,5.0
2026-05-23 19:21:15.451662,Chennai,30.58,29.69,28.08,33.0,1005,80,4.81,242,74,Rain,heavy intensity rain,4,97.54,141.79,427.49,40.67,56.68,34.69,19.0,5.0
2026-05-23 20:47:39.451662,Bangalore,25.81,25.58,24.01,27.5,1018,81,0.42,12,81,Rain,moderate rain,2,37.51,45.91,830.4,27.59,12.04,35.77,20.0,5.0
2026-05-23 22:14:03.451662,Ahmedabad,28.56,28.1,25.48,30.39,1009,45,0.55,48,0,Clear,sunny,2,39.64,60.13,531.21,13.9,72.74,36.44,22.0,5.0
2026-05-23 23:40:27.451662,Pune,23.46,22.89,20.38,25.35,1016,48,2.58,179,69,Clouds,scattered clouds,3,88.95,128.48,582.79,49.19,81.24,19.17,23.0,5.0
2026-05-24 01:06:51.451662,Pune,21.19,19.17,18.19,22.89,1013,25,7.6,321,11,Clear,clear sky,2,51.79,63.45,899.03,23.97,14.45,17.31,1.0,5.0
2026-05-24 02:33:15.451662,Ahmedabad,27.2,26.28,25.08,29.6,1007,72,3.64,297,41,Haze,haze,3,88.27,141.71,979.09,58.93,64.64,3.57,2.0,5.0
2026-05-24 03:59:39.451662,Kolkata,26.07,25.98,23.25,29.34,1014,90,5.32,52,93,Rain,light rain,4,130.03,195.77,1178.27,70.56,49.5,3.73,3.0,5.0
2026-05-24 05:26:03.451662,Hyderabad,27.87,27.62,25.41,29.82,1027,81,6.44,22,97,Thunderstorm,thunderstorm with light rain,4,108.57,165.1,622.76,65.04,37.92,18.05,5.0,5.0
2026-05-24 06:52:27.451662,Ahmedabad,32.16,31.65,29.96,35.38,1000,66,1.4,93,53,Clouds,overcast clouds,2,53.59,75.91,1168.51,39.16,101.25,39.05,6.0,5.0
2026-05-24 08:18:51.451662,Chennai,35.47,34.83,32.66,38.51,1000,27,1.66,262,0,Clear,sunny,3,74.11,103.99,1080.13,71.58,115.34,34.97,8.0,5.0
2026-05-24 09:45:15.451662,Mumbai,34.29,34.26,31.16,37.34,1002,78,7.16,9,73,Rain,heavy intensity rain,5,224.03,338.42,454.22,69.66,108.28,9.38,9.0,5.0
2026-05-24 11:11:39.451662,Hyderabad,34.46,33.8,32.64,36.35,1006,79,8.76,350,92,Drizzle,heavy intensity drizzle,3,74.75,112.76,1017.8,47.59,14.62,8.72,11.0,5.0
2026-05-24 12:38:03.451662,Hyderabad,34.74,34.84,32.17,36.79,1004,83,4.47,201,88,Thunderstorm,thunderstorm with light rain,3,71.48,102.31,527.38,63.57,102.45,14.3,12.0,5.0
2026-05-24 14:04:27.451662,Pune,31.41,29.46,29.22,34.3,1013,49,6.91,95,17,Clear,sunny,2,38.61,57.42,543.65,16.55,39.17,11.71,14.0,5.0
2026-05-24 15:30:51.451662,Chennai,37.85,37.14,36.06,40.51,1005,46,1.76,190,0,Clear,clear sky,4,109.64,170.26,705.06,44.39,117.14,36.64,15.0,5.0
2026-05-24 16:57:15.451662,Ahmedabad,33.35,31.32,30.42,35.72,1015,41,2.86,155,71,Clouds,few clouds,3,85.59,139.8,698.73,76.89,90.82,30.41,16.0,5.0
2026-05-24 18:23:39.451662,Chennai,32.68,32.0,29.76,34.79,1023,36,4.73,97,10,Clear,clear sky,2,30.77,56.92,790.12,27.35,13.86,3.42,18.0,5.0
2026-05-24 19:50:03.451662,Delhi,28.71,28.18,26.55,30.85,1018,51,5.15,197,54,Clouds,broken clouds,4,100.03,149.22,939.8,57.95,68.76,27.8,19.0,5.0
2026-05-24 21:16:27.451662,Chennai,29.65,29.42,26.24,31.26,1019,65,5.49,20,70,Clouds,scattered clouds,4,91.85,138.89,530.63,11.77,71.89,20.2,21.0,5.0
2026-05-24 22:42:51.451662,Chennai,29.5,29.25,27.13,31.8,1009,80,5.31,218,67,Mist,mist,5,279.81,426.44,849.51,10.48,51.6,28.98,22.0,5.0
2026-05-25 00:09:15.451662,Chennai,28.54,26.27,26.54,30.73,1005,50,4.3,97,74,Clouds,scattered clouds,3,76.32,114.53,554.27,72.95,109.11,39.11,0.0,5.0
2026-05-25 01:35:39.451662,Chennai,28.13,28.26,26.35,31.18,1013,91,5.74,185,98,Thunderstorm,thunderstorm with rain,2,32.25,68.64,454.02,69.48,87.02,22.81,1.0,5.0
2026-05-25 03:02:03.451662,Bangalore,20.75,20.95,17.51,23.75,1003,87,7.86,62,97,Rain,heavy intensity rain,3,72.11,99.25,456.41,74.79,75.35,32.44,3.0,5.0
2026-05-25 04:28:27.451662,Delhi,23.98,24.11,21.87,26.91,1010,70,0.78,11,42,Haze,haze,2,47.19,70.78,724.69,46.63,91.67,10.36,4.0,5.0
2026-05-25 05:54:51.451662,Bangalore,22.05,21.69,18.66,23.98,1020,83,0.95,40,99,Thunderstorm,thunderstorm with light rain,1,19.3,35.55,670.29,39.41,118.2,16.91,5.0,5.0
2026-05-25 07:21:15.451662,Kolkata,29.64,30.51,27.86,31.15,1002,55,2.43,8,22,Haze,haze,4,118.23,190.63,613.47,39.63,38.2,29.65,7.0,5.0
2026-05-25 08:47:39.451662,Mumbai,33.36,33.47,31.41,36.55,1006,85,2.98,315,76,Drizzle,heavy intensity drizzle,1,13.82,25.17,925.41,10.13,115.06,9.33,8.0,5.0
2026-05-25 10:14:03.451662,Delhi,33.03,33.01,30.21,35.16,1015,93,6.82,177,97,Thunderstorm,thunderstorm with light rain,4,109.58,159.63,1097.88,23.19,48.85,38.11,10.0,5.0
2026-05-25 11:40:27.451662,Delhi,30.49,29.44,27.72,32.72,1011,58,7.72,298,40,Haze,haze,3,71.17,112.16,998.54,69.24,63.03,31.76,11.0,5.0
2026-05-25 13:06:51.451662,Chennai,38.25,37.93,36.23,41.2,1002,67,3.1,243,60,Clouds,broken clouds,1,25.8,33.78,851.34,16.56,81.12,8.94,13.0,5.0
2026-05-25 14:33:15.451662,Delhi,31.63,31.77,29.42,34.09,1027,80,5.5,248,98,Drizzle,light intensity drizzle,3,83.86,119.93,695.73,62.86,10.24,35.77,14.0,5.0
2026-05-25 15:59:39.451662,Kolkata,35.33,34.84,32.49,38.1,1001,79,2.32,58,70,Mist,mist,3,74.45,88.31,916.13,30.83,96.53,14.88,15.0,5.0
2026-05-25 17:26:03.451662,Bangalore,26.41,25.67,24.78,29.79,1009,25,8.88,353,0,Clear,sunny,3,62.91,85.92,263.91,17.45,43.1,22.5,17.0,5.0
2026-05-25 18:52:27.451662,Mumbai,30.41,28.88,28.09,32.12,1016,50,7.4,153,55,Clouds,few clouds,3,81.66,125.71,706.23,6.92,111.72,34.37,18.0,5.0
2026-05-25 20:18:51.451662,Ahmedabad,26.63,25.55,24.18,29.84,1019,27,4.4,121,4,Clear,sunny,5,236.24,340.84,722.7,46.25,20.69,7.03,20.0,5.0
2026-05-25 21:45:15.451662,Hyderabad,27.69,29.85,25.37,30.11,1017,100,1.31,16,89,Thunderstorm,thunderstorm with heavy rain,1,24.09,32.77,632.45,66.26,31.59,9.79,21.0,5.0
2026-05-25 23:11:39.451662,Mumbai,28.11,29.39,26.41,31.47,995,93,3.56,92,90,Rain,moderate rain,4,108.25,167.41,755.84,35.39,33.16,24.53,23.0,5.0
2026-05-26 00:38:03.451662,Chennai,29.54,28.04,27.42,32.07,1010,60,5.42,179,90,Clouds,few clouds,2,31.99,35.35,856.24,50.66,55.3,20.0,0.0,5.0
2026-05-26 02:04:27.451662,Kolkata,27.85,28.36,25.8,30.78,1012,54,5.48,81,46,Clouds,overcast clouds,5,278.86,422.9,210.07,41.08,55.59,6.06,2.0,5.0
2026-05-26 03:30:51.451662,Delhi,23.79,23.02,21.33,25.3,1015,24,2.41,8,0,Clear,clear sky,5,158.41,251.74,511.04,29.0,47.34,27.85,3.0,5.0
2026-05-26 04:57:15.451662,Ahmedabad,29.73,29.42,27.26,31.94,997,70,8.06,287,72,Clouds,overcast clouds,3,85.59,122.22,349.51,48.27,82.32,9.4,4.0,5.0
2026-05-26 06:23:39.451662,Pune,28.31,28.85,25.42,30.99,1001,67,7.94,60,73,Clouds,few clouds,3,82.1,136.33,600.23,56.74,109.67,6.97,6.0,5.0
2026-05-26 07:50:03.451662,Ahmedabad,30.4,30.83,27.86,33.68,1019,83,5.42,312,81,Mist,mist,3,85.07,131.9,337.9,49.34,44.63,3.99,7.0,5.0
2026-05-26 09:16:27.451662,Mumbai,35.22,35.16,31.87,38.06,1010,58,8.4,265,37,Haze,haze,3,88.81,115.41,231.06,72.15,15.56,27.3,9.0,5.0
2026-05-26 10:42:51.451662,Hyderabad,34.09,32.49,32.4,36.12,1011,26,5.78,171,0,Clear,clear sky,3,74.68,111.42,1124.15,63.15,73.19,28.43,10.0,5.0
2026-05-26 12:09:15.451662,Mumbai,36.77,35.3,33.54,38.53,1026,54,5.48,163,90,Clouds,scattered clouds,2,53.02,79.09,622.29,23.94,50.95,6.11,12.0,5.0
2026-05-26 13:35:39.451662,Kolkata,34.02,34.35,31.81,37.45,1001,81,8.68,225,68,Drizzle,heavy intensity drizzle,2,39.02,63.68,500.23,44.83,54.9,12.41,13.0,5.0
2026-05-26 15:02:03.451662,Hyderabad,33.31,32.49,30.52,36.72,1029,91,7.21,252,100,Thunderstorm,thunderstorm with rain,2,57.15,92.09,670.59,20.86,69.03,38.4,15.0,5.0
2026-05-26 16:28:27.451662,Kolkata,32.73,31.25,29.43,35.27,1013,28,4.36,288,14,Clear,sunny,3,72.3,107.83,230.4,37.52,72.65,35.31,16.0,5.0
2026-05-26 17:54:51.451662,Pune,28.84,28.89,26.44,32.04,1022,86,7.05,55,79,Mist,mist,2,49.03,78.8,942.42,76.17,113.41,16.53,17.0,5.0
2026-05-26 19:21:15.451662,Mumbai,27.73,26.12,24.51,30.94,1009,77,0.49,275,95,Drizzle,heavy intensity drizzle,1,21.77,26.97,939.52,37.52,36.36,25.61,19.0,5.0
2026-05-26 20:47:39.451662,Chennai,31.79,29.44,29.13,33.74,1012,25,0.86,270,0,Clear,sunny,4,90.71,130.22,822.49,20.79,47.26,23.34,20.0,5.0
2026-05-26 22:14:03.451662,Ahmedabad,24.53,23.45,21.75,27.25,1020,63,1.64,303,56,Clouds,scattered clouds,5,163.6,252.3,262.88,51.69,30.75,23.62,22.0,5.0
2026-05-26 23:40:27.451662,Pune,23.89,23.3,21.88,25.63,1011,64,8.23,309,64,Clouds,broken clouds,3,89.64,137.96,341.55,58.28,82.72,3.67,23.0,5.0
2026-05-27 01:06:51.451662,Ahmedabad,25.89,26.15,23.85,27.98,1012,67,7.63,101,78,Clouds,overcast clouds,3,63.06,97.34,467.06,38.01,97.56,25.17,1.0,5.0
2026-05-27 02:33:15.451662,Pune,23.55,22.9,21.71,25.9,1010,36,1.93,252,9,Clear,clear sky,2,38.38,58.22,517.37,77.21,48.29,15.17,2.0,5.0
2026-05-27 03:59:39.451662,Hyderabad,26.51,26.07,24.51,29.2,1017,96,2.11,76,87,Thunderstorm,thunderstorm with rain,3,71.99,116.11,404.47,74.95,39.09,7.7,3.0,5.0
2026-05-27 05:26:03.451662,Hyderabad,28.37,27.59,26.38,31.8,1019,44,0.37,359,4,Clear,sunny,3,84.5,118.93,422.29,9.01,77.66,3.8,5.0,5.0
2026-05-27 06:52:27.451662,Hyderabad,27.46,26.34,25.14,29.66,1020,57,1.31,355,61,Haze,haze,2,39.2,55.54,748.48,13.7,12.54,3.94,6.0,5.0
2026-05-27 08:18:51.451662,Ahmedabad,33.41,32.25,30.75,35.37,1017,29,0.71,232,9,Clear,clear sky,3,70.69,116.86,906.87,52.67,26.32,31.11,8.0,5.0
2026-05-27 09:45:15.451662,Mumbai,36.32,36.15,33.12,38.84,1014,51,6.56,74,19,Haze,haze,2,47.71,73.58,563.13,76.37,114.09,7.51,9.0,5.0
2026-05-27 11:11:39.451662,Mumbai,36.68,36.53,33.64,39.04,1024,60,6.9,277,46,Clouds,overcast clouds,3,64.0,83.64,952.47,75.28,19.62,23.2,11.0,5.0
2026-05-27 12:38:03.451662,Mumbai,35.55,34.97,32.63,38.79,1011,38,3.64,272,4,Clear,sunny,2,38.18,51.6,580.59,6.39,89.72,15.29,12.0,5.0
2026-05-27 14:04:27.451662,Bangalore,31.09,29.19,28.12,33.13,1015,41,4.2,39,50,Clouds,few clouds,4,116.71,182.56,347.27,38.94,106.93,18.01,14.0,5.0
2026-05-27 15:30:51.451662,Hyderabad,33.46,32.96,30.11,35.71,1007,57,6.89,340,0,Clear,clear sky,1,15.42,24.32,466.5,62.19,38.25,18.96,15.0,5.0
2026-05-27 16:57:15.451662,Pune,29.21,28.72,26.08,31.73,1016,78,4.61,36,94,Rain,moderate rain,1,20.68,29.1,298.87,13.78,42.93,38.47,16.0,5.0
2026-05-27 18:23:39.451662,Pune,28.73,28.6,26.37,31.53,998,82,3.47,27,91,Drizzle,heavy intensity drizzle,3,68.02,113.31,507.15,72.88,105.63,11.03,18.0,5.0
2026-05-27 19:50:03.451662,Delhi,27.49,27.94,25.62,30.21,1008,67,6.62,101,64,Clouds,broken clouds,5,158.79,243.53,775.09,13.64,55.96,12.0,19.0,5.0
2026-05-27 21:16:27.451662,Kolkata,27.04,25.79,23.97,29.63,999,53,5.06,306,53,Haze,haze,3,88.21,127.98,598.6,25.31,119.93,13.72,21.0,5.0
2026-05-27 22:42:51.451662,Mumbai,27.65,27.92,25.39,30.63,1015,68,5.76,70,58,Clouds,scattered clouds,2,31.26,39.15,341.06,58.2,104.0,28.06,22.0,5.0
2026-05-28 00:09:15.451662,Bangalore,20.64,20.8,17.44,23.95,1005,84,4.71,23,70,Mist,mist,2,59.14,98.41,908.15,67.46,23.37,32.78,0.0,5.0
2026-05-28 01:35:39.451662,Chennai,24.43,24.27,21.57,27.14,1017,56,5.21,177,44,Clouds,few clouds,5,177.04,270.85,537.66,41.78,44.86,14.75,1.0,5.0
2026-05-28 03:02:03.451662,Hyderabad,24.71,23.65,22.17,27.66,1014,28,3.49,251,1,Clear,sunny,3,65.64,92.23,981.49,16.37,81.19,36.86,3.0,5.0
2026-05-28 04:28:27.451662,Mumbai,30.46,30.24,27.39,33.32,1012,55,4.41,149,10,Clear,sunny,3,79.91,124.46,536.16,27.07,106.01,32.29,4.0,5.0
2026-05-28 05:54:51.451662,Chennai,30.52,30.82,28.32,32.35,1008,47,0.59,148,9,Clear,sunny,4,138.34,204.49,1038.41,69.16,101.41,32.36,5.0,5.0
2026-05-28 07:21:15.451662,Delhi,27.92,28.69,25.5,29.97,1028,74,4.34,15,56,Haze,haze,3,84.57,120.35,1128.95,73.31,88.72,35.62,7.0,5.0
2026-05-28 08:47:39.451662,Delhi,29.45,28.78,26.9,32.31,1010,70,2.79,312,82,Drizzle,light intensity drizzle,5,282.99,435.08,559.19,48.53,18.14,8.65,8.0,5.0
2026-05-28 10:14:03.451662,Kolkata,35.17,35.37,32.28,38.57,1011,91,0.97,269,91,Thunderstorm,thunderstorm with heavy rain,4,143.51,224.7,536.71,15.84,35.63,36.41,10.0,5.0
2026-05-28 11:40:27.451662,Kolkata,36.7,35.68,33.74,38.86,1012,71,5.99,312,86,Rain,moderate rain,3,88.43,119.83,373.22,26.42,105.12,35.63,11.0,5.0
2026-05-28 13:06:51.451662,Hyderabad,34.2,34.7,30.71,36.45,1014,90,5.51,355,87,Thunderstorm,thunderstorm with light rain,2,34.45,51.59,215.89,45.27,71.72,16.59,13.0,5.0
2026-05-28 14:33:15.451662,Bangalore,31.06,30.57,29.03,32.82,1023,41,4.62,180,8,Clear,clear sky,3,82.82,128.12,898.89,72.81,98.58,12.43,14.0,5.0
2026-05-28 15:59:39.451662,Pune,30.89,31.52,27.52,34.13,1025,82,3.19,174,61,Mist,mist,1,15.73,28.47,1109.72,43.19,86.37,6.25,15.0,5.0
2026-05-28 17:26:03.451662,Bangalore,24.41,23.62,21.19,27.27,1004,61,2.88,240,70,Clouds,few clouds,4,108.36,156.86,914.86,59.61,83.32,35.09,17.0,5.0
2026-05-28 18:52:27.451662,Mumbai,31.79,31.04,29.94,34.02,1005,59,3.55,215,53,Clouds,scattered clouds,2,44.3,65.76,1095.85,48.35,68.01,8.09,18.0,5.0
2026-05-28 20:18:51.451662,Pune,26.45,26.14,23.11,29.26,1021,89,4.1,86,93,Thunderstorm,thunderstorm with rain,2,36.65,42.06,388.49,65.45,24.37,11.2,20.0,5.0
2026-05-28 21:45:15.451662,Ahmedabad,28.68,28.48,26.98,31.41,1018,52,4.08,334,3,Clear,sunny,4,128.04,197.69,870.66,78.65,16.93,36.31,21.0,5.0
2026-05-28 23:11:39.451662,Bangalore,19.78,19.81,17.03,22.94,1019,97,6.45,31,99,Thunderstorm,thunderstorm with rain,2,46.93,71.54,1138.46,64.2,24.32,5.09,23.0,5.0
2026-05-29 00:38:03.451662,Kolkata,25.53,26.86,22.32,28.01,1004,88,2.19,204,76,Drizzle,heavy intensity drizzle,4,139.54,201.29,671.3,13.92,103.46,38.42,0.0,5.0
2026-05-29 02:04:27.451662,Hyderabad,25.03,25.0,23.4,28.48,1015,85,6.23,171,71,Drizzle,heavy intensity drizzle,2,38.87,49.77,602.01,76.8,119.51,29.76,2.0,5.0
2026-05-29 03:30:51.451662,Mumbai,27.46,26.53,24.49,30.33,1016,72,3.07,221,63,Clouds,few clouds,3,63.91,98.64,496.02,70.32,10.45,2.8,3.0,5.0
2026-05-29 04:57:15.451662,Bangalore,20.58,21.47,17.3,23.91,1014,85,2.72,90,90,Drizzle,light intensity drizzle,2,53.15,94.48,439.61,69.46,111.71,33.4,4.0,5.0
2026-05-29 06:23:39.451662,Delhi,26.63,26.15,25.04,28.45,1024,89,1.49,32,98,Rain,heavy intensity rain,3,62.64,95.77,396.22,46.11,59.83,35.35,6.0,5.0
2026-05-29 07:50:03.451662,Mumbai,32.36,32.24,29.03,34.8,1021,78,2.69,252,72,Mist,mist,3,64.74,84.56,351.36,12.75,73.01,17.26,7.0,5.0
2026-05-29 09:16:27.451662,Ahmedabad,35.7,35.47,34.06,38.28,1015,77,8.06,192,80,Drizzle,heavy intensity drizzle,3,72.18,112.2,973.68,44.65,112.08,18.29,9.0,5.0
2026-05-29 10:42:51.451662,Pune,31.57,31.53,28.4,33.42,1014,93,0.92,39,93,Thunderstorm,thunderstorm with rain,3,66.32,96.81,905.43,55.68,98.72,13.27,10.0,5.0
2026-05-29 12:09:15.451662,Ahmedabad,39.59,39.26,37.0,41.57,1013,35,7.7,95,5,Clear,sunny,2,52.71,63.36,408.84,19.76,80.68,19.41,12.0,5.0
2026-05-29 13:35:39.451662,Kolkata,37.51,37.43,34.99,39.82,1017,84,3.82,281,96,Thunderstorm,thunderstorm with light rain,4,121.39,180.03,217.33,48.12,33.37,9.92,13.0,5.0
2026-05-29 15:02:03.451662,Mumbai,34.68,33.47,32.69,37.13,1007,34,8.31,115,17,Clear,sunny,3,89.17,117.36,389.36,46.09,12.64,31.04,15.0,5.0
2026-05-29 16:28:27.451662,Pune,32.74,32.87,30.69,34.73,1030,45,1.49,34,5,Clear,clear sky,2,46.99,67.25,816.48,18.99,29.49,35.18,16.0,5.0
2026-05-29 17:54:51.451662,Kolkata,32.97,32.36,31.25,35.92,1010,75,2.63,262,61,Clouds,overcast clouds,4,107.82,157.99,1095.58,22.74,48.0,30.61,17.0,5.0
2026-05-29 19:21:15.451662,Kolkata,30.95,31.4,28.29,32.86,1001,64,7.22,21,23,Haze,haze,3,75.54,115.86,472.53,25.56,22.49,6.33,19.0,5.0
2026-05-29 20:47:39.451662,Chennai,32.8,32.11,30.0,34.36,1002,72,0.43,16,87,Rain,moderate rain,5,250.53,384.36,936.72,56.77,56.57,37.08,20.0,5.0
2026-05-29 22:14:03.451662,Delhi,23.14,23.52,20.42,25.39,1008,85,0.31,243,87,Rain,light rain,3,88.4,141.92,753.4,32.17,50.16,35.42,22.0,5.0
2026-05-29 23:40:27.451662,Chennai,30.51,29.76,27.36,33.86,1029,50,5.86,118,7,Clear,sunny,4,121.11,192.41,710.26,37.53,75.26,10.87,23.0,5.0
2026-05-30 01:06:51.451662,Chennai,28.83,29.71,27.07,31.86,1007,75,0.89,246,44,Clouds,scattered clouds,2,50.39,78.84,1061.82,75.04,108.33,31.5,1.0,5.0
2026-05-30 02:33:15.451662,Kolkata,24.67,25.2,22.51,26.51,1028,90,4.36,189,87,Drizzle,drizzle,2,30.15,54.31,536.11,33.44,61.22,19.73,2.0,5.0
2026-05-30 03:59:39.451662,Hyderabad,26.91,27.54,24.35,29.93,1024,71,0.64,262,61,Clouds,few clouds,1,5.82,1.01,252.97,69.17,112.0,5.44,3.0,5.0
2026-05-30 05:26:03.451662,Delhi,26.93,27.11,23.52,29.03,998,81,8.92,208,87,Thunderstorm,thunderstorm with rain,1,22.34,23.49,611.04,62.25,20.97,31.52,5.0,5.0
2026-05-30 06:52:27.451662,Pune,26.85,25.84,24.11,30.24,1013,45,5.92,142,40,Clouds,scattered clouds,3,88.82,135.28,928.64,53.43,118.43,10.13,6.0,5.0
2026-05-30 08:18:51.451662,Bangalore,30.01,29.0,27.65,33.42,1028,59,2.09,346,72,Clouds,overcast clouds,2,56.68,92.38,789.51,30.84,78.82,36.6,8.0,5.0
2026-05-30 09:45:15.451662,Chennai,37.06,37.04,35.13,39.4,1003,77,1.94,4,97,Thunderstorm,thunderstorm with heavy rain,3,70.54,117.7,1106.97,72.05,116.27,35.63,9.0,5.0
2026-05-30 11:11:39.451662,Hyderabad,34.08,34.07,32.37,35.96,1015,91,4.65,18,100,Rain,light rain,5,282.36,413.71,350.15,54.48,45.59,14.97,11.0,5.0
2026-05-30 12:38:03.451662,Pune,31.83,32.18,28.75,34.28,993,96,7.11,330,88,Mist,mist,4,119.8,167.63,537.33,52.48,15.52,25.13,12.0,5.0
2026-05-30 14:04:27.451662,Pune,32.22,31.42,30.69,35.22,1024,56,1.1,261,79,Clouds,few clouds,1,28.38,47.34,751.49,38.88,11.74,33.31,14.0,5.0
2026-05-30 15:30:51.451662,Ahmedabad,35.54,36.65,34.03,37.56,1017,95,4.98,208,96,Rain,light rain,2,41.46,57.71,728.06,35.84,39.57,39.95,15.0,5.0
2026-05-30 16:57:15.451662,Hyderabad,31.56,31.45,29.13,34.42,1011,98,7.54,164,97,Thunderstorm,thunderstorm with heavy rain,2,59.34,91.98,756.42,43.82,104.47,26.77,16.0,5.0
2026-05-30 18:23:39.451662,Pune,27.05,26.39,25.24,29.78,1004,58,1.65,219,54,Clouds,overcast clouds,2,37.96,56.55,707.86,79.87,86.45,13.72,18.0,5.0
2026-05-30 19:50:03.451662,Pune,26.61,25.97,24.77,29.63,1008,54,8.91,341,0,Clear,sunny,1,16.71,21.39,981.46,37.41,75.43,15.25,19.0,5.0
2026-05-30 21:16:27.451662,Mumbai,29.65,29.64,26.49,32.86,1011,89,2.21,291,87,Rain,moderate rain,2,41.23,72.52,657.84,6.9,72.74,21.26,21.0,5.0
2026-05-30 22:42:51.451662,Delhi,24.55,24.94,21.41,27.07,1001,71,6.55,203,56,Clouds,broken clouds,4,145.0,219.73,386.81,54.12,51.33,39.33,22.0,5.0
2026-05-31 00:09:15.451662,Bangalore,20.95,20.58,18.6,23.66,1012,43,0.77,110,9,Clear,sunny,3,72.98,99.65,664.52,72.22,39.98,36.79,0.0,5.0
2026-05-31 01:35:39.451662,Hyderabad,22.95,21.17,19.75,24.55,1001,46,8.04,132,83,Clouds,few clouds,2,41.89,47.74,816.74,51.94,42.59,17.78,1.0,5.0
2026-05-31 03:02:03.451662,Pune,22.98,23.9,20.11,25.75,1031,96,7.97,349,85,Rain,light rain,2,49.87,74.47,955.93,33.69,55.23,27.56,3.0,5.0
2026-05-31 04:28:27.451662,Chennai,31.94,32.22,29.7,33.64,1013,79,5.28,153,27,Haze,haze,3,69.33,120.07,301.08,65.14,110.66,30.75,4.0,5.0
2026-05-31 05:54:51.451662,Pune,25.4,24.05,23.84,28.29,1011,53,4.11,315,56,Clouds,few clouds,2,41.63,65.3,849.53,40.08,73.33,16.63,5.0,5.0
2026-05-31 07:21:15.451662,Pune,28.32,29.21,25.67,31.57,1013,88,6.57,264,83,Rain,moderate rain,1,23.45,32.62,1140.64,20.13,44.07,11.13,7.0,5.0
2026-05-31 08:47:39.451662,Hyderabad,33.0,32.31,30.06,36.12,1018,79,3.88,168,84,Rain,light rain,1,18.45,27.59,767.84,78.28,40.01,8.02,8.0,5.0
2026-05-31 10:14:03.451662,Hyderabad,32.94,31.37,29.97,34.46,1006,52,4.99,307,59,Clouds,scattered clouds,2,43.65,62.33,601.35,58.91,106.36,18.53,10.0,5.0
2026-05-31 11:40:27.451662,Mumbai,37.43,35.65,34.2,40.25,1021,35,6.57,247,0,Clear,clear sky,2,48.09,62.25,963.31,60.91,37.04,29.7,11.0,5.0
2026-05-31 13:06:51.451662,Chennai,37.39,37.96,34.42,39.92,1000,43,7.38,33,1,Clear,sunny,2,50.48,80.96,318.4,23.8,25.37,16.83,13.0,5.0
2026-05-31 14:33:15.451662,Hyderabad,35.28,33.41,33.15,38.06,1026,31,4.1,220,10,Clear,clear sky,2,31.5,53.7,322.09,13.45,17.95,30.26,14.0,5.0
2026-05-31 15:59:39.451662,Chennai,36.61,35.55,34.67,38.76,1018,83,5.77,104,91,Rain,light rain,4,139.71,211.24,458.64,40.1,35.64,24.37,15.0,5.0
2026-05-31 17:26:03.451662,Bangalore,26.97,26.81,25.12,29.21,1010,75,0.55,110,76,Drizzle,drizzle,3,67.46,100.77,1029.41,65.15,89.95,32.15,17.0,5.0
2026-05-31 18:52:27.451662,Chennai,35.27,33.97,31.82,37.29,1009,74,2.99,126,83,Drizzle,light intensity drizzle,2,46.29,62.98,559.16,58.83,77.24,8.78,18.0,5.0
2026-05-31 20:18:51.451662,Bangalore,22.08,21.05,18.98,23.65,999,59,8.86,82,81,Clouds,few clouds,2,50.4,76.22,891.07,44.08,117.46,8.17,20.0,5.0
2026-05-31 21:45:15.451662,Bangalore,21.6,21.25,18.61,24.63,992,53,1.68,250,0,Clear,sunny,2,37.33,44.34,437.08,29.27,62.94,24.67,21.0,5.0
2026-05-31 23:11:39.451662,Ahmedabad,27.68,25.83,25.6,30.89,1017,56,8.99,185,75,Clouds,overcast clouds,2,42.42,64.59,348.86,64.49,76.05,5.82,23.0,5.0
2026-06-01 00:38:03.451662,Hyderabad,23.28,22.35,21.48,25.68,1031,82,2.72,308,91,Rain,heavy intensity rain,2,55.62,80.18,678.49,45.32,64.11,32.49,0.0,6.0
2026-06-01 02:04:27.451662,Hyderabad,24.46,24.05,21.9,27.62,1007,51,4.0,26,61,Clouds,scattered clouds,1,21.34,36.38,1081.99,32.84,18.29,38.42,2.0,6.0
2026-06-01 03:30:51.451662,Ahmedabad,31.46,30.97,29.79,33.64,1012,80,3.0,87,74,Drizzle,light intensity drizzle,4,123.18,178.73,340.83,12.49,71.78,17.64,3.0,6.0
2026-06-01 04:57:15.451662,Ahmedabad,29.33,29.41,25.89,32.82,1020,69,1.31,317,47,Clouds,overcast clouds,4,137.18,220.82,443.93,67.91,51.35,22.22,4.0,6.0
2026-06-01 06:23:39.451662,Kolkata,31.24,31.2,27.98,34.32,998,75,5.11,319,82,Drizzle,drizzle,4,114.02,173.17,485.91,32.5,78.39,4.47,6.0,6.0
2026-06-01 07:50:03.451662,Delhi,31.69,31.81,29.81,34.4,1026,81,0.57,20,88,Drizzle,drizzle,2,54.88,87.45,511.89,38.28,23.26,6.56,7.0,6.0
2026-06-01 09:16:27.451662,Mumbai,36.3,36.74,32.95,39.43,1000,93,3.11,172,86,Rain,moderate rain,3,78.73,106.11,920.08,17.06,79.59,3.99,9.0,6.0
2026-06-01 10:42:51.451662,Ahmedabad,37.01,37.13,34.42,40.17,1007,46,1.27,32,10,Clear,sunny,1,13.89,19.35,583.51,75.52,86.22,34.97,10.0,6.0
2026-06-01 12:09:15.451662,Delhi,33.36,33.66,30.73,36.13,1009,96,6.73,268,91,Thunderstorm,thunderstorm with light rain,1,22.23,37.39,236.15,29.11,93.99,38.49,12.0,6.0
2026-06-01 13:35:39.451662,Hyderabad,33.42,32.96,31.31,35.64,1006,81,3.96,136,86,Rain,moderate rain,3,60.11,92.68,242.36,55.55,69.11,18.88,13.0,6.0
2026-06-01 15:02:03.451662,Mumbai,37.17,36.79,33.81,39.48,1016,65,8.99,25,57,Clouds,few clouds,2,46.82,62.51,571.19,57.88,52.34,11.35,15.0,6.0
2026-06-01 16:28:27.451662,Pune,27.84,26.44,25.28,31.11,1013,42,8.52,227,6,Clear,sunny,1,14.54,16.01,471.85,78.44,39.75,28.32,16.0,6.0
2026-06-01 17:54:51.451662,Delhi,29.16,28.9,26.47,31.21,1010,46,2.5,19,9,Clear,sunny,4,111.49,172.59,369.84,12.97,109.74,39.91,17.0,6.0
2026-06-01 19:21:15.451662,Chennai,32.03,30.75,28.59,33.88,1011,19,2.24,348,6,Clear,sunny,3,79.05,113.19,544.51,11.58,62.72,29.69,19.0,6.0
2026-06-01 20:47:39.451662,Ahmedabad,27.48,26.9,24.57,29.38,1003,72,6.11,217,90,Drizzle,heavy intensity drizzle,1,18.8,29.18,773.91,7.04,38.95,28.99,20.0,6.0
2026-06-01 22:14:03.451662,Bangalore,19.99,21.12,17.47,21.81,1027,94,3.54,303,63,Mist,mist,2,58.64,67.94,961.97,24.71,14.98,2.07,22.0,6.0
2026-06-01 23:40:27.451662,Ahmedabad,25.31,24.11,23.71,27.6,1007,31,1.94,91,5,Clear,clear sky,3,76.3,105.39,788.31,47.13,82.64,33.67,23.0,6.0
2026-06-02 01:06:51.451662,Hyderabad,26.48,26.88,23.24,29.84,997,68,3.22,309,48,Clouds,few clouds,5,178.03,283.79,435.64,75.14,115.04,38.44,1.0,6.0
2026-06-02 02:33:15.451662,Bangalore,21.04,19.61,19.53,23.56,1008,39,5.13,256,17,Clear,clear sky,4,120.49,182.28,700.86,22.38,69.61,10.35,2.0,6.0
2026-06-02 03:59:39.451662,Chennai,31.55,31.12,28.17,34.57,1008,51,6.36,84,9,Clear,sunny,1,17.16,33.99,1181.92,63.79,108.69,18.67,3.0,6.0
2026-06-02 05:26:03.451662,Ahmedabad,29.99,29.96,27.14,32.16,1020,76,1.78,80,93,Drizzle,heavy intensity drizzle,1,21.88,30.77,472.63,43.07,44.71,39.66,5.0,6.0
2026-06-02 06:52:27.451662,Bangalore,27.57,28.08,25.7,30.16,1004,68,8.88,349,40,Haze,haze,1,12.2,15.39,367.89,29.51,28.97,24.85,6.0,6.0
2026-06-02 08:18:51.451662,Hyderabad,31.01,29.89,28.39,34.42,1017,81,7.95,279,100,Rain,moderate rain,3,61.94,90.94,764.85,61.06,58.91,37.91,8.0,6.0
2026-06-02 09:45:15.451662,Pune,32.23,32.28,29.37,35.5,1020,36,2.34,309,10,Clear,sunny,3,69.39,110.1,833.79,45.58,112.0,37.41,9.0,6.0
2026-06-02 11:11:39.451662,Hyderabad,31.92,32.64,29.29,34.78,1012,90,3.25,88,89,Rain,heavy intensity rain,1,9.94,33.15,1127.71,31.06,46.2,23.71,11.0,6.0
2026-06-02 12:38:03.451662,Delhi,35.11,34.65,32.84,36.72,1006,83,7.35,171,79,Mist,mist,1,9.59,24.99,765.44,37.72,69.39,9.51,12.0,6.0
2026-06-02 14:04:27.451662,Mumbai,36.43,35.7,34.42,38.69,1018,58,3.4,1,47,Haze,haze,1,23.12,41.91,232.16,72.19,81.73,30.03,14.0,6.0
2026-06-02 15:30:51.451662,Mumbai,37.03,37.99,34.21,38.69,996,95,4.6,16,74,Mist,mist,4,100.76,155.47,508.61,50.55,30.37,25.82,15.0,6.0
2026-06-02 16:57:15.451662,Kolkata,31.79,31.26,29.35,33.82,1024,64,3.3,302,31,Haze,haze,3,61.38,81.76,967.71,72.17,49.0,38.16,16.0,6.0
2026-06-02 18:23:39.451662,Bangalore,27.82,28.02,24.94,31.06,1009,76,7.23,140,69,Drizzle,drizzle,4,142.74,213.49,342.81,20.37,85.45,23.29,18.0,6.0
2026-06-02 19:50:03.451662,Mumbai,30.73,30.0,27.77,32.64,1024,64,3.58,31,58,Clouds,scattered clouds,3,68.86,93.22,958.64,51.94,99.96,19.31,19.0,6.0
2026-06-02 21:16:27.451662,Hyderabad,27.31,27.99,25.23,30.0,1033,55,0.54,354,17,Clear,sunny,1,22.63,32.96,933.87,29.14,48.17,9.92,21.0,6.0
2026-06-02 22:42:51.451662,Pune,22.72,21.89,19.49,25.61,1027,57,0.37,325,42,Clouds,scattered clouds,2,44.14,70.76,293.72,63.57,119.07,22.19,22.0,6.0
2026-06-03 00:09:15.451662,Mumbai,25.36,24.55,22.23,28.71,1009,53,6.41,183,82,Clouds,broken clouds,4,92.03,146.75,856.41,17.32,16.16,6.6,0.0,6.0
2026-06-03 01:35:39.451662,Pune,23.31,23.05,19.95,25.32,1032,87,2.65,222,65,Mist,mist,3,82.43,144.38,1146.2,79.81,113.67,27.5,1.0,6.0
2026-06-03 03:02:03.451662,Bangalore,21.42,21.87,19.16,23.45,1020,74,0.69,133,30,Haze,haze,1,29.23,45.02,1073.82,8.95,107.81,10.33,3.0,6.0
2026-06-03 04:28:27.451662,Pune,26.72,27.52,24.42,28.6,1008,98,6.9,155,96,Rain,heavy intensity rain,2,54.34,75.57,233.61,34.77,74.26,30.04,4.0,6.0
2026-06-03 05:54:51.451662,Hyderabad,28.44,28.57,26.37,31.25,1025,74,6.0,331,73,Mist,mist,4,113.75,164.02,514.69,41.14,116.55,27.54,5.0,6.0
2026-06-03 07:21:15.451662,Hyderabad,32.25,29.58,29.64,34.24,1004,42,0.75,50,56,Clouds,broken clouds,4,142.75,202.3,839.66,47.76,22.42,36.54,7.0,6.0
2026-06-03 08:47:39.451662,Bangalore,29.45,29.53,27.72,31.23,1007,72,7.73,99,17,Haze,haze,3,68.95,94.8,802.15,39.04,54.87,20.9,8.0,6.0
2026-06-03 10:14:03.451662,Hyderabad,36.21,37.95,33.6,39.0,1010,97,5.63,1,85,Mist,mist,3,75.38,105.37,537.56,42.44,84.21,38.79,10.0,6.0
2026-06-03 11:40:27.451662,Chennai,39.85,39.64,37.78,43.14,1021,85,7.8,198,94,Rain,light rain,3,74.14,99.8,225.96,11.75,41.52,38.95,11.0,6.0
2026-06-03 13:06:51.451662,Bangalore,27.75,26.88,25.47,29.25,1005,65,4.36,71,54,Haze,haze,1,18.36,26.13,994.35,41.79,14.38,30.99,13.0,6.0
2026-06-03 14:33:15.451662,Mumbai,36.97,36.11,34.47,39.42,1020,26,1.26,254,8,Clear,sunny,2,58.38,81.64,1090.31,78.44,64.37,37.6,14.0,6.0
2026-06-03 15:59:39.451662,Mumbai,33.86,33.1,31.1,35.56,1005,48,8.35,301,51,Clouds,few clouds,3,72.5,105.91,1156.53,64.18,89.64,9.07,15.0,6.0
2026-06-03 17:26:03.451662,Hyderabad,30.72,29.76,29.06,32.77,1018,69,2.47,256,74,Drizzle,heavy intensity drizzle,5,251.76,372.59,518.21,15.94,115.03,4.9,17.0,6.0
2026-06-03 18:52:27.451662,Bangalore,25.98,26.18,22.69,27.99,994,77,2.39,305,74,Mist,mist,3,74.65,105.39,538.11,13.05,86.69,9.88,18.0,6.0
2026-06-03 20:18:51.451662,Bangalore,22.21,22.71,20.31,24.24,1005,82,6.79,113,62,Mist,mist,3,82.7,128.76,1008.51,72.1,11.28,38.7,20.0,6.0
2026-06-03 21:45:15.451662,Bangalore,24.6,23.98,22.59,26.62,1003,37,4.55,236,7,Clear,clear sky,1,25.14,29.51,1150.84,68.18,52.67,26.26,21.0,6.0
2026-06-03 23:11:39.451662,Ahmedabad,27.26,25.37,25.55,30.27,1011,24,2.22,2,5,Clear,clear sky,3,80.15,131.0,328.14,43.41,40.7,8.12,23.0,6.0
2026-06-04 00:38:03.451662,Pune,21.43,21.29,19.36,23.95,1008,84,4.74,274,81,Drizzle,drizzle,2,48.03,76.79,509.68,27.28,43.64,35.62,0.0,6.0
2026-06-04 02:04:27.451662,Chennai,31.05,31.93,28.75,32.68,1015,92,4.79,313,82,Mist,mist,3,69.28,121.78,463.97,26.07,55.42,7.3,2.0,6.0
2026-06-04 03:30:51.451662,Kolkata,30.62,30.17,27.75,33.57,1009,89,8.09,207,80,Mist,mist,1,5.44,0.0,896.54,49.76,23.5,38.6,3.0,6.0
2026-06-04 04:57:15.451662,Chennai,30.97,31.19,29.19,33.63,1009,82,8.03,226,83,Mist,mist,2,57.66,96.47,724.69,61.88,46.81,16.41,4.0,6.0
2026-06-04 06:23:39.451662,Kolkata,30.56,30.51,27.67,32.68,1017,89,7.9,39,71,Mist,mist,4,93.71,139.88,879.07,62.25,57.23,34.74,6.0,6.0
2026-06-04 07:50:03.451662,Chennai,34.59,33.98,31.09,37.6,1013,34,8.75,126,14,Clear,sunny,1,15.69,22.5,1163.2,58.05,18.77,17.27,7.0,6.0
2026-06-04 09:16:27.451662,Ahmedabad,33.54,32.26,31.63,36.13,1025,48,6.96,145,62,Clouds,overcast clouds,5,289.61,441.79,989.71,19.65,75.97,14.62,9.0,6.0
2026-06-04 10:42:51.451662,Kolkata,34.01,33.59,31.8,35.56,1011,83,5.11,344,96,Thunderstorm,thunderstorm with rain,1,10.04,29.83,598.84,61.28,18.05,5.4,10.0,6.0
2026-06-04 12:09:15.451662,Pune,32.72,33.64,30.07,36.12,1005,99,4.15,161,81,Mist,mist,2,40.11,61.9,1019.44,25.69,48.58,10.24,12.0,6.0
2026-06-04 13:35:39.451662,Chennai,36.15,36.41,33.81,38.84,1004,89,7.81,301,70,Drizzle,heavy intensity drizzle,3,62.33,113.31,723.97,15.12,12.86,7.81,13.0,6.0
2026-06-04 15:02:03.451662,Bangalore,28.55,28.27,26.07,31.7,1009,39,3.83,49,0,Clear,sunny,2,47.66,83.99,1040.92,15.97,108.05,19.08,15.0,6.0
2026-06-04 16:28:27.451662,Delhi,32.91,31.87,31.41,36.02,1021,55,3.17,136,72,Clouds,overcast clouds,4,106.52,157.1,320.74,29.45,71.93,9.11,16.0,6.0
2026-06-04 17:54:51.451662,Hyderabad,30.39,31.52,26.95,32.76,1014,85,3.83,239,78,Rain,heavy intensity rain,1,17.1,29.92,1026.92,16.72,47.82,29.55,17.0,6.0
2026-06-04 19:21:15.451662,Mumbai,29.04,28.02,26.61,30.89,1013,56,1.53,111,62,Clouds,few clouds,4,92.66,137.54,652.79,43.66,24.67,39.22,19.0,6.0
2026-06-04 20:47:39.451662,Kolkata,28.08,26.89,25.84,29.88,1015,32,2.54,227,3,Clear,clear sky,3,67.45,114.19,1086.77,59.89,71.7,10.53,20.0,6.0
2026-06-04 22:14:03.451662,Bangalore,26.39,26.37,23.35,28.53,1010,89,7.61,270,88,Rain,moderate rain,3,60.29,94.11,806.83,69.55,11.7,6.07,22.0,6.0
2026-06-04 23:40:27.451662,Ahmedabad,27.57,27.63,26.01,30.42,1007,39,7.4,235,0,Clear,clear sky,4,100.23,148.11,416.33,15.56,67.28,33.5,23.0,6.0
2026-06-05 01:06:51.451662,Pune,23.59,22.34,21.17,26.51,1004,54,1.08,203,72,Clouds,few clouds,1,28.25,47.68,353.63,62.33,89.64,23.47,1.0,6.0
2026-06-05 02:33:15.451662,Chennai,31.16,30.79,28.53,33.92,1013,85,7.76,183,78,Mist,mist,2,42.13,57.03,901.5,78.98,58.57,21.69,2.0,6.0
2026-06-05 03:59:39.451662,Hyderabad,30.54,30.51,27.52,33.21,1002,95,1.6,186,87,Rain,light rain,3,77.82,126.13,709.78,18.16,98.68,35.76,3.0,6.0
2026-06-05 05:26:03.451662,Pune,26.38,27.06,24.58,28.04,1012,89,4.06,342,69,Mist,mist,3,87.48,130.58,1101.32,45.56,89.07,10.56,5.0,6.0
2026-06-05 06:52:27.451662,Pune,28.5,28.09,25.99,31.08,1021,59,6.76,296,70,Clouds,broken clouds,3,84.64,124.3,431.52,76.24,13.05,7.3,6.0,6.0
2026-06-05 08:18:51.451662,Chennai,38.91,39.38,36.02,41.96,1000,90,0.67,114,81,Rain,moderate rain,2,32.19,37.71,849.79,11.31,29.95,20.08,8.0,6.0
2026-06-05 09:45:15.451662,Mumbai,34.14,34.09,31.2,35.89,1010,35,0.72,345,2,Clear,sunny,2,49.61,68.57,236.79,33.34,99.05,38.43,9.0,6.0
2026-06-05 11:11:39.451662,Chennai,40.4,40.48,36.98,43.06,1004,69,8.89,101,24,Haze,haze,2,34.14,43.89,692.26,72.38,30.95,39.34,11.0,6.0
2026-06-05 12:38:03.451662,Hyderabad,35.92,36.1,34.24,37.53,1018,81,7.27,324,86,Drizzle,light intensity drizzle,3,80.89,134.48,781.97,38.28,12.42,3.53,12.0,6.0
2026-06-05 14:04:27.451662,Hyderabad,34.9,35.29,31.52,36.42,1012,87,1.8,165,87,Rain,light rain,3,83.26,119.05,1124.24,66.88,102.83,27.57,14.0,6.0
2026-06-05 15:30:51.451662,Bangalore,29.74,27.94,28.22,32.91,1005,61,1.06,198,82,Clouds,few clouds,3,79.35,121.76,961.68,12.99,22.86,25.01,15.0,6.0
2026-06-05 16:57:15.451662,Kolkata,31.46,31.61,29.15,34.41,1008,59,1.26,28,21,Haze,haze,3,63.66,88.89,424.76,50.98,79.11,29.9,16.0,6.0
2026-06-05 18:23:39.451662,Bangalore,26.51,25.7,24.93,29.1,1020,33,1.07,111,17,Clear,sunny,1,14.51,25.32,538.49,39.13,48.22,25.88,18.0,6.0
2026-06-05 19:50:03.451662,Ahmedabad,27.79,26.45,25.01,29.63,1003,45,7.79,267,55,Clouds,few clouds,3,68.21,98.31,571.57,19.63,22.58,30.13,19.0,6.0
2026-06-05 21:16:27.451662,Mumbai,27.36,27.77,25.76,29.95,1022,53,4.78,258,5,Clear,clear sky,4,92.14,146.34,724.07,73.61,117.07,11.96,21.0,6.0
2026-06-05 22:42:51.451662,Kolkata,26.25,25.05,23.26,28.19,1009,47,0.93,324,73,Clouds,scattered clouds,4,102.58,153.06,590.7,62.46,58.98,15.15,22.0,6.0
2026-06-06 00:09:15.451662,Bangalore,23.43,23.56,21.57,25.06,1009,54,3.59,195,26,Haze,haze,3,88.76,124.2,370.11,42.12,61.85,38.34,0.0,6.0
2026-06-06 01:35:39.451662,Mumbai,29.31,30.38,26.37,31.69,1010,64,1.54,190,28,Haze,haze,3,77.47,107.77,972.96,52.86,74.69,10.72,1.0,6.0
2026-06-06 03:02:03.451662,Chennai,28.42,30.28,25.79,31.23,1017,72,2.98,0,23,Haze,haze,2,40.61,54.07,1168.36,54.21,118.2,23.69,3.0,6.0
2026-06-06 04:28:27.451662,Mumbai,32.24,30.99,30.04,35.1,1008,41,2.59,88,13,Clear,clear sky,3,78.04,115.93,611.51,18.79,113.56,22.23,4.0,6.0
2026-06-06 05:54:51.451662,Chennai,32.08,31.03,28.6,35.34,1006,54,0.7,269,70,Clouds,overcast clouds,2,36.08,53.68,380.77,49.32,19.87,29.89,5.0,6.0
2026-06-06 07:21:15.451662,Ahmedabad,32.13,32.6,29.37,34.66,1017,89,6.47,231,84,Mist,mist,2,53.04,77.86,208.82,41.43,102.14,10.35,7.0,6.0
2026-06-06 08:47:39.451662,Mumbai,34.04,34.28,31.91,35.92,1009,88,6.1,343,86,Rain,moderate rain,1,25.83,33.83,894.02,50.2,30.3,12.38,8.0,6.0
2026-06-06 10:14:03.451662,Delhi,35.81,35.41,33.22,37.75,1016,68,5.02,149,94,Drizzle,heavy intensity drizzle,3,86.44,133.86,546.39,72.43,89.55,3.11,10.0,6.0
2026-06-06 11:40:27.451662,Chennai,38.85,38.52,35.6,40.77,1016,84,5.75,238,93,Rain,heavy intensity rain,2,35.11,38.51,370.75,7.75,30.41,31.07,11.0,6.0
2026-06-06 13:06:51.451662,Bangalore,32.32,32.29,29.25,35.74,1010,83,1.67,61,87,Rain,moderate rain,3,69.18,89.19,1007.18,54.31,31.2,13.5,13.0,6.0
2026-06-06 14:33:15.451662,Pune,31.87,29.93,29.86,34.17,1025,29,7.33,61,18,Clear,clear sky,2,40.58,73.69,835.95,63.66,68.61,25.74,14.0,6.0
2026-06-06 15:59:39.451662,Hyderabad,33.49,33.42,31.44,36.39,1000,35,1.63,22,0,Clear,clear sky,5,201.83,313.19,1130.73,74.93,116.63,6.76,15.0,6.0
2026-06-06 17:26:03.451662,Pune,30.01,29.86,28.28,32.38,1023,85,4.28,274,87,Rain,light rain,3,77.81,123.94,305.58,79.36,36.86,9.54,17.0,6.0
2026-06-06 18:52:27.451662,Mumbai,35.76,34.97,33.46,39.22,1008,55,4.72,333,54,Clouds,broken clouds,2,50.33,88.38,1181.54,19.95,17.18,34.66,18.0,6.0
2026-06-06 20:18:51.451662,Mumbai,29.38,28.94,26.33,32.36,1029,91,4.98,61,88,Rain,heavy intensity rain,1,16.99,32.71,737.01,28.17,60.0,29.15,20.0,6.0
2026-06-06 21:45:15.451662,Delhi,23.6,22.55,20.44,26.44,1016,83,8.75,115,91,Rain,moderate rain,4,147.93,211.9,298.02,14.54,16.78,39.85,21.0,6.0
2026-06-06 23:11:39.451662,Ahmedabad,28.37,27.21,25.91,30.84,1017,61,8.05,72,73,Clouds,few clouds,4,137.66,206.44,1003.75,38.9,67.1,32.8,23.0,6.0
2026-06-07 00:38:03.451662,Pune,25.6,23.81,22.94,28.7,1007,53,7.14,15,66,Clouds,broken clouds,2,36.73,59.37,1188.76,49.54,53.93,33.75,0.0,6.0
2026-06-07 02:04:27.451662,Kolkata,28.04,27.65,25.39,29.79,1019,48,6.3,145,2,Clear,clear sky,4,125.28,197.02,432.77,74.27,91.52,14.01,2.0,6.0
2026-06-07 03:30:51.451662,Hyderabad,23.99,23.32,21.8,26.05,1025,31,0.94,142,2,Clear,clear sky,2,30.43,41.77,619.84,71.73,58.11,4.86,3.0,6.0
2026-06-07 04:57:15.451662,Hyderabad,26.99,25.9,25.35,29.19,1018,30,1.95,310,0,Clear,clear sky,2,47.59,63.14,915.48,65.67,59.78,21.25,4.0,6.0
2026-06-07 06:23:39.451662,Mumbai,32.45,32.81,29.47,35.76,1026,87,8.31,7,77,Mist,mist,3,70.91,104.27,449.08,47.89,12.01,11.52,6.0,6.0
2026-06-07 07:50:03.451662,Bangalore,26.17,25.81,23.15,28.64,1021,85,2.05,111,95,Rain,light rain,3,83.2,123.12,545.05,15.32,119.81,3.87,7.0,6.0
2026-06-07 09:16:27.451662,Hyderabad,30.94,29.37,27.77,33.66,1015,41,3.68,139,71,Clouds,broken clouds,2,47.74,67.61,968.73,70.82,21.42,16.62,9.0,6.0
2026-06-07 10:42:51.451662,Bangalore,29.79,29.4,27.01,32.99,1010,59,3.44,152,62,Clouds,overcast clouds,3,81.87,120.36,941.11,24.43,47.85,39.64,10.0,6.0
2026-06-07 12:09:15.451662,Ahmedabad,39.0,38.18,36.41,42.49,1014,83,5.22,203,89,Rain,heavy intensity rain,3,74.34,119.26,996.44,34.74,26.9,34.78,12.0,6.0
2026-06-07 13:35:39.451662,Bangalore,33.26,33.66,30.03,36.46,1015,91,4.75,74,82,Rain,light rain,1,9.29,14.09,835.1,72.88,86.78,16.1,13.0,6.0
2026-06-07 15:02:03.451662,Mumbai,35.69,35.08,32.82,39.0,1020,51,2.31,160,62,Clouds,overcast clouds,4,114.36,176.89,1077.84,78.0,43.28,28.35,15.0,6.0
2026-06-07 16:28:27.451662,Delhi,30.86,31.24,29.06,32.39,1011,81,1.26,87,86,Rain,moderate rain,4,122.37,195.93,780.17,19.48,98.22,30.63,16.0,6.0
2026-06-07 17:54:51.451662,Chennai,35.11,34.28,33.25,38.41,1005,56,1.77,40,38,Clouds,few clouds,3,70.55,105.87,869.93,40.24,52.21,6.53,17.0,6.0
2026-06-07 19:21:15.451662,Chennai,32.12,31.63,29.43,34.6,1005,84,2.94,132,53,Mist,mist,2,49.18,82.07,869.5,7.0,61.25,4.19,19.0,6.0
2026-06-07 20:47:39.451662,Hyderabad,27.88,27.48,24.57,29.4,1019,53,2.19,59,47,Haze,haze,3,64.41,90.87,617.79,69.81,22.06,14.12,20.0,6.0
2026-06-07 22:14:03.451662,Pune,23.16,23.17,20.18,25.66,1005,46,8.11,225,6,Clear,sunny,2,58.53,82.68,228.99,62.8,22.14,3.04,22.0,6.0
2026-06-07 23:40:27.451662,Kolkata,24.76,24.41,21.56,28.17,1007,78,2.14,296,96,Mist,mist,5,256.52,379.19,880.55,23.56,76.05,11.79,23.0,6.0
2026-06-08 01:06:51.451662,Chennai,28.16,27.86,25.96,31.66,1020,81,4.5,38,85,Rain,moderate rain,3,71.33,98.44,505.16,76.36,88.57,14.42,1.0,6.0
2026-06-08 02:33:15.451662,Hyderabad,25.98,24.98,23.46,27.91,1027,42,5.1,276,10,Clear,clear sky,3,60.32,85.56,273.44,26.29,36.73,11.44,2.0,6.0
2026-06-08 03:59:39.451662,Hyderabad,28.2,27.43,25.9,31.29,1001,56,6.94,194,52,Haze,haze,3,73.02,114.88,746.42,13.98,112.77,13.09,3.0,6.0
2026-06-08 05:26:03.451662,Mumbai,30.15,31.22,26.86,32.02,1009,88,5.69,52,67,Mist,mist,3,85.98,126.17,589.03,79.86,117.42,38.55,5.0,6.0
2026-06-08 06:52:27.451662,Pune,30.08,29.85,27.93,32.75,1009,67,3.06,92,29,Haze,haze,3,88.58,131.88,841.2,74.27,96.13,8.87,6.0,6.0
2026-06-08 08:18:51.451662,Ahmedabad,35.32,35.54,33.03,38.73,1023,92,8.28,97,84,Drizzle,drizzle,1,23.46,31.45,575.18,41.45,54.78,26.72,8.0,6.0
2026-06-08 09:45:15.451662,Hyderabad,34.03,34.46,31.84,36.83,1012,64,3.71,64,25,Haze,haze,3,72.05,108.74,891.39,29.44,96.42,36.21,9.0,6.0
2026-06-08 11:11:39.451662,Ahmedabad,37.68,37.58,34.32,40.88,1007,65,0.89,156,47,Clouds,overcast clouds,2,49.62,73.46,742.55,19.4,69.11,12.6,11.0,6.0
2026-06-08 12:38:03.451662,Hyderabad,36.51,35.84,33.05,38.05,1011,35,5.05,139,4,Clear,sunny,3,71.09,86.19,1176.23,41.61,16.34,37.62,12.0,6.0
2026-06-08 14:04:27.451662,Mumbai,38.84,39.08,36.55,41.47,1017,82,2.28,65,88,Rain,heavy intensity rain,3,71.81,107.25,650.67,10.91,83.66,7.24,14.0,6.0
2026-06-08 15:30:51.451662,Pune,29.32,29.54,26.46,31.8,1003,83,0.65,184,83,Drizzle,light intensity drizzle,1,15.04,31.46,597.52,36.76,111.86,10.28,15.0,6.0
2026-06-08 16:57:15.451662,Pune,32.15,33.21,30.35,35.3,1012,73,2.83,201,28,Haze,haze,1,11.29,20.79,753.0,26.44,35.63,17.16,16.0,6.0
2026-06-08 18:23:39.451662,Kolkata,30.9,30.37,29.04,33.46,1011,31,3.4,134,7,Clear,sunny,4,103.93,155.85,756.82,71.22,43.81,28.3,18.0,6.0
2026-06-08 19:50:03.451662,Mumbai,29.77,29.46,27.14,32.49,1014,70,0.9,303,74,Clouds,few clouds,3,66.48,90.81,660.59,8.07,106.83,4.55,19.0,6.0
2026-06-08 21:16:27.451662,Hyderabad,26.03,25.78,22.63,27.55,1012,73,2.05,183,76,Clouds,broken clouds,3,80.8,118.89,437.92,79.15,65.1,9.38,21.0,6.0
2026-06-08 22:42:51.451662,Kolkata,28.33,27.81,25.55,31.63,1008,33,5.78,271,5,Clear,sunny,4,112.13,169.66,1036.45,9.11,95.37,25.32,22.0,6.0
2026-06-09 00:09:15.451662,Pune,23.02,22.66,20.07,25.96,1002,41,7.39,136,8,Clear,clear sky,1,20.15,30.72,530.45,45.37,111.12,22.53,0.0,6.0
2026-06-09 01:35:39.451662,Ahmedabad,25.75,27.07,23.78,27.4,1011,97,5.43,93,75,Mist,mist,2,48.63,71.5,862.8,68.33,94.24,16.41,1.0,6.0
2026-06-09 03:02:03.451662,Ahmedabad,26.43,26.53,24.35,29.91,1008,68,7.4,322,62,Clouds,few clouds,3,75.84,114.54,261.35,72.82,96.91,10.7,3.0,6.0
2026-06-09 04:28:27.451662,Hyderabad,25.27,24.75,22.46,27.84,1017,82,5.49,45,99,Thunderstorm,thunderstorm with heavy rain,1,11.59,19.42,897.31,49.78,63.78,27.3,4.0,6.0
2026-06-09 05:54:51.451662,Pune,27.51,26.74,24.4,30.85,1008,70,8.1,182,84,Drizzle,drizzle,2,33.06,60.69,998.2,20.21,43.57,20.8,5.0,6.0
2026-06-09 07:21:15.451662,Delhi,28.84,29.39,25.42,30.54,1007,47,4.5,333,14,Clear,clear sky,2,56.86,92.53,699.55,23.92,110.22,17.14,7.0,6.0
2026-06-09 08:47:39.451662,Pune,31.94,31.6,30.43,34.67,1008,81,4.0,234,90,Thunderstorm,thunderstorm with rain,1,20.22,29.67,329.53,68.22,92.16,9.66,8.0,6.0
2026-06-09 10:14:03.451662,Bangalore,30.67,31.72,27.7,32.71,1026,86,3.37,69,89,Rain,light rain,2,50.43,70.42,1180.46,45.36,60.07,19.56,10.0,6.0
2026-06-09 11:40:27.451662,Bangalore,32.47,30.74,30.04,35.93,1005,46,6.2,269,72,Clouds,overcast clouds,2,48.26,86.16,1061.06,24.01,79.68,8.29,11.0,6.0
2026-06-09 13:06:51.451662,Delhi,35.13,34.69,33.09,37.43,1022,27,0.62,263,6,Clear,clear sky,4,124.64,176.22,1037.1,19.94,32.16,3.6,13.0,6.0
2026-06-09 14:33:15.451662,Mumbai,35.89,35.63,33.47,39.26,1004,59,3.71,53,44,Clouds,scattered clouds,4,121.02,195.48,850.77,44.52,51.19,39.61,14.0,6.0
2026-06-09 15:59:39.451662,Hyderabad,31.92,32.26,28.61,33.77,1009,75,6.24,75,38,Haze,haze,3,87.9,138.08,853.54,26.82,74.54,24.99,15.0,6.0
2026-06-09 17:26:03.451662,Pune,29.49,29.26,27.52,31.06,1012,41,7.2,131,7,Clear,clear sky,3,73.76,112.29,200.31,71.17,12.17,30.8,17.0,6.0
2026-06-09 18:52:27.451662,Bangalore,28.0,27.99,26.4,30.31,1025,71,1.9,205,64,Clouds,overcast clouds,3,68.13,110.43,1122.69,33.21,65.69,15.8,18.0,6.0
2026-06-09 20:18:51.451662,Hyderabad,28.79,28.21,26.01,30.41,1011,54,1.13,215,77,Clouds,broken clouds,4,130.01,189.25,286.27,36.25,77.98,27.28,20.0,6.0
2026-06-09 21:45:15.451662,Ahmedabad,29.94,30.86,27.34,31.94,1025,85,3.53,78,75,Drizzle,light intensity drizzle,2,35.43,53.83,247.82,58.84,110.2,15.18,21.0,6.0
2026-06-09 23:11:39.451662,Bangalore,20.83,20.24,18.83,23.0,1028,86,3.27,80,98,Rain,heavy intensity rain,1,14.8,17.03,1079.18,46.14,41.37,37.53,23.0,6.0
2026-06-10 00:38:03.451662,Hyderabad,23.45,23.06,21.9,26.34,1005,73,8.66,24,91,Drizzle,drizzle,3,84.63,116.92,511.3,48.72,90.56,15.09,0.0,6.0
2026-06-10 02:04:27.451662,Hyderabad,26.73,26.27,24.11,28.75,1004,87,0.93,236,92,Drizzle,heavy intensity drizzle,3,62.51,96.87,1062.8,42.36,37.05,28.17,2.0,6.0
2026-06-10 03:30:51.451662,Kolkata,27.88,29.07,25.39,30.2,1023,69,2.49,286,51,Clouds,scattered clouds,4,110.35,153.64,430.63,26.86,103.6,19.42,3.0,6.0
2026-06-10 04:57:15.451662,Mumbai,29.49,28.35,27.34,31.06,1019,32,5.97,282,3,Clear,clear sky,3,62.31,97.88,1030.28,29.35,56.1,27.93,4.0,6.0
2026-06-10 06:23:39.451662,Bangalore,27.92,26.93,26.15,29.75,1011,68,3.28,210,28,Haze,haze,1,13.71,13.94,700.26,69.08,74.68,12.52,6.0,6.0
2026-06-10 07:50:03.451662,Pune,31.74,32.37,29.75,33.73,1008,75,8.63,118,35,Haze,haze,2,34.28,39.82,955.71,64.23,21.52,33.78,7.0,6.0
2026-06-10 09:16:27.451662,Kolkata,32.24,31.0,30.16,35.71,1016,76,0.66,152,82,Rain,moderate rain,3,72.41,109.48,568.13,7.93,45.96,35.76,9.0,6.0
2026-06-10 10:42:51.451662,Ahmedabad,36.22,35.56,34.44,38.24,1000,31,5.05,229,1,Clear,clear sky,4,116.16,168.58,879.13,41.86,94.92,38.03,10.0,6.0
2026-06-10 12:09:15.451662,Kolkata,35.5,35.46,32.42,38.15,1007,66,2.61,356,44,Clouds,overcast clouds,3,76.13,119.83,968.22,24.85,44.19,24.8,12.0,6.0
2026-06-10 13:35:39.451662,Chennai,39.54,37.63,36.34,41.75,1007,45,2.39,176,87,Clouds,few clouds,2,39.68,58.12,945.07,47.54,43.61,10.39,13.0,6.0
2026-06-10 15:02:03.451662,Bangalore,29.81,30.22,26.53,32.81,1028,88,8.7,322,100,Rain,light rain,3,63.2,95.2,200.33,40.42,13.22,39.03,15.0,6.0
2026-06-10 16:28:27.451662,Ahmedabad,34.28,33.86,31.2,37.77,1013,41,8.72,166,6,Clear,clear sky,2,41.74,61.61,306.04,35.28,72.84,2.29,16.0,6.0
2026-06-10 17:54:51.451662,Ahmedabad,35.25,36.08,32.21,38.39,1011,83,8.76,273,67,Drizzle,light intensity drizzle,5,160.13,233.59,784.47,34.29,22.06,36.03,17.0,6.0
2026-06-10 19:21:15.451662,Hyderabad,30.74,31.07,28.49,33.92,1009,60,8.7,60,36,Haze,haze,4,93.07,148.49,759.35,52.15,112.83,11.76,19.0,6.0
2026-06-10 20:47:39.451662,Mumbai,27.13,25.94,23.82,29.36,1027,39,1.39,186,5,Clear,sunny,2,46.58,72.14,443.45,79.3,93.25,33.8,20.0,6.0
2026-06-10 22:14:03.451662,Kolkata,28.23,27.84,25.95,30.67,1016,79,7.72,299,92,Drizzle,light intensity drizzle,3,86.39,136.21,768.79,13.74,72.7,8.4,22.0,6.0
2026-06-10 23:40:27.451662,Bangalore,19.96,20.14,17.52,22.22,1029,94,8.38,86,90,Mist,mist,2,31.83,56.24,516.59,77.23,99.12,2.54,23.0,6.0
2026-06-11 01:06:51.451662,Chennai,28.93,27.68,25.48,31.33,1020,77,1.27,298,97,Drizzle,light intensity drizzle,2,34.77,54.56,631.55,53.07,113.92,6.27,1.0,6.0
2026-06-11 02:33:15.451662,Chennai,27.63,28.05,25.83,29.92,1016,68,0.79,86,29,Haze,haze,2,35.59,53.7,977.9,46.55,81.22,14.42,2.0,6.0
2026-06-11 03:59:39.451662,Chennai,31.17,31.17,28.77,33.8,999,69,1.67,85,62,Clouds,overcast clouds,3,85.54,129.48,662.0,7.63,97.09,35.58,3.0,6.0
2026-06-11 05:26:03.451662,Delhi,26.02,25.2,23.44,27.82,1015,36,3.33,124,11,Clear,sunny,1,11.86,25.9,1070.63,25.15,23.33,23.24,5.0,6.0
2026-06-11 06:52:27.451662,Hyderabad,30.6,28.07,28.09,34.0,1015,43,6.38,119,85,Clouds,overcast clouds,2,56.73,103.15,559.64,29.37,66.88,3.74,6.0,6.0
2026-06-11 08:18:51.451662,Bangalore,28.0,27.33,25.03,30.5,1018,41,5.56,352,9,Clear,clear sky,2,33.26,41.9,400.36,45.69,58.42,16.82,8.0,6.0
2026-06-11 09:45:15.451662,Mumbai,37.35,37.26,34.28,40.7,1026,55,5.51,102,5,Clear,sunny,2,31.55,45.83,613.62,33.0,72.1,4.42,9.0,6.0
2026-06-11 11:11:39.451662,Pune,32.98,32.88,30.25,36.3,1021,69,6.52,68,56,Clouds,overcast clouds,1,18.08,20.13,786.38,52.47,98.41,39.21,11.0,6.0
2026-06-11 12:38:03.451662,Pune,33.98,32.49,31.15,36.83,1009,28,3.03,221,13,Clear,sunny,1,27.59,47.44,831.01,33.94,47.36,26.11,12.0,6.0
2026-06-11 14:04:27.451662,Mumbai,33.88,33.11,31.38,36.24,1008,49,6.64,49,18,Clear,clear sky,4,92.17,128.7,212.82,76.3,97.64,9.3,14.0,6.0
2026-06-11 15:30:51.451662,Hyderabad,35.43,35.3,33.23,38.02,1014,86,3.64,320,95,Rain,heavy intensity rain,4,128.81,199.1,821.13,35.46,44.62,39.45,15.0,6.0
2026-06-11 16:57:15.451662,Mumbai,36.96,34.77,33.63,39.27,1007,33,2.65,254,22,Clear,sunny,3,86.71,122.96,1043.48,32.09,38.65,34.59,16.0,6.0
2026-06-11 18:23:39.451662,Ahmedabad,31.88,30.39,29.54,33.56,1024,44,2.06,224,47,Clouds,broken clouds,1,19.7,16.89,963.54,73.64,36.16,18.3,18.0,6.0
2026-06-11 19:50:03.451662,Bangalore,24.53,24.6,22.76,27.72,1027,44,4.43,20,10,Clear,clear sky,1,13.84,34.1,322.83,77.42,40.97,36.53,19.0,6.0
2026-06-11 21:16:27.451662,Bangalore,19.84,20.65,16.92,22.9,1002,84,5.21,356,73,Drizzle,drizzle,2,57.01,80.51,850.44,76.72,94.13,17.4,21.0,6.0
2026-06-11 22:42:51.451662,Delhi,20.74,19.25,18.06,23.31,1022,27,8.47,102,13,Clear,clear sky,3,83.49,126.27,1125.34,21.5,44.13,4.69,22.0,6.0
2026-06-12 00:09:15.451662,Bangalore,22.62,22.44,19.9,25.12,1022,71,6.55,298,51,Clouds,broken clouds,1,13.65,14.53,1188.52,55.61,92.88,11.34,0.0,6.0
2026-06-12 01:35:39.451662,Bangalore,20.75,21.1,18.77,22.93,1006,84,5.24,93,81,Mist,mist,1,17.04,31.37,968.5,17.65,11.8,34.05,1.0,6.0
2026-06-12 03:02:03.451662,Hyderabad,27.86,28.07,26.06,30.37,1007,80,2.15,278,100,Rain,heavy intensity rain,2,30.03,38.15,230.87,17.42,53.46,14.02,3.0,6.0
2026-06-12 04:28:27.451662,Chennai,31.28,30.45,29.3,33.52,1028,66,5.45,113,50,Clouds,broken clouds,2,51.42,74.39,772.35,10.22,70.82,23.88,4.0,6.0
2026-06-12 05:54:51.451662,Kolkata,29.48,28.36,27.17,32.9,1005,76,4.84,271,92,Rain,light rain,3,73.39,97.62,880.2,13.14,115.74,30.51,5.0,6.0
2026-06-12 07:21:15.451662,Kolkata,30.12,30.47,27.53,32.92,1010,44,4.8,41,7,Clear,clear sky,3,78.4,129.09,254.62,41.83,20.06,8.07,7.0,6.0
2026-06-12 08:47:39.451662,Kolkata,31.9,31.84,30.19,33.4,1010,82,4.22,0,91,Thunderstorm,thunderstorm with light rain,1,17.78,20.91,1108.45,44.29,76.88,39.87,8.0,6.0
2026-06-12 10:14:03.451662,Kolkata,33.77,33.81,31.18,36.6,1013,34,7.42,225,6,Clear,clear sky,5,259.64,391.76,1048.67,17.22,39.8,3.65,10.0,6.0
2026-06-12 11:40:27.451662,Bangalore,28.83,29.11,25.78,31.14,1023,79,6.59,149,95,Mist,mist,1,9.51,7.79,1163.39,21.13,70.68,24.87,11.0,6.0
2026-06-12 13:06:51.451662,Bangalore,27.62,28.27,25.61,30.68,1022,86,2.53,322,84,Rain,heavy intensity rain,1,19.3,18.64,1103.31,41.25,73.13,20.69,13.0,6.0
2026-06-12 14:33:15.451662,Hyderabad,35.03,36.05,33.38,37.23,1013,73,7.46,88,39,Clouds,few clouds,1,14.89,42.12,1103.21,17.54,62.41,25.56,14.0,6.0
2026-06-12 15:59:39.451662,Delhi,34.1,34.73,31.37,35.94,1013,40,6.27,42,6,Clear,clear sky,5,235.44,350.79,415.5,6.86,93.0,7.53,15.0,6.0
2026-06-12 17:26:03.451662,Delhi,30.82,30.2,28.47,33.56,1024,48,3.27,103,42,Clouds,broken clouds,3,77.62,120.67,595.09,74.79,78.89,5.19,17.0,6.0
2026-06-12 18:52:27.451662,Chennai,33.49,32.56,31.64,36.56,1007,56,6.08,151,88,Clouds,overcast clouds,3,81.53,140.48,681.55,55.03,18.78,34.36,18.0,6.0
2026-06-12 20:18:51.451662,Delhi,28.87,28.42,25.54,32.28,996,47,8.37,195,13,Clear,sunny,3,82.24,126.06,432.47,27.32,58.54,13.94,20.0,6.0
2026-06-12 21:45:15.451662,Kolkata,29.6,30.03,26.27,32.1,1015,89,5.05,78,100,Mist,mist,2,37.66,64.8,737.62,43.76,109.56,32.02,21.0,6.0
2026-06-12 23:11:39.451662,Ahmedabad,27.03,26.54,24.58,29.89,1016,90,5.81,100,94,Rain,light rain,2,54.24,79.36,1172.59,16.33,89.87,20.16,23.0,6.0
2026-06-13 00:38:03.451662,Pune,24.18,22.71,22.27,27.1,1021,69,1.09,283,74,Clouds,broken clouds,3,80.4,129.69,749.22,33.83,81.29,36.51,0.0,6.0
2026-06-13 02:04:27.451662,Ahmedabad,25.07,25.32,21.81,28.48,1000,64,5.38,47,55,Clouds,few clouds,3,77.65,110.09,1169.24,57.94,46.96,7.59,2.0,6.0
2026-06-13 03:30:51.451662,Delhi,25.14,24.27,22.19,26.78,1012,32,6.23,57,14,Clear,clear sky,4,137.49,209.26,1105.86,32.97,74.34,2.46,3.0,6.0
2026-06-13 04:57:15.451662,Ahmedabad,28.79,28.53,26.12,30.35,1013,87,1.23,131,85,Rain,moderate rain,2,33.62,38.85,1107.83,26.12,108.88,31.39,4.0,6.0
2026-06-13 06:23:39.451662,Ahmedabad,31.53,31.31,29.37,33.78,1021,80,8.1,240,100,Rain,moderate rain,3,80.36,126.34,654.32,57.07,101.51,18.01,6.0,6.0
2026-06-13 07:50:03.451662,Chennai,33.86,33.82,32.22,35.9,1008,52,5.23,206,9,Clear,sunny,3,81.51,120.26,1053.04,44.08,78.34,5.47,7.0,6.0
2026-06-13 09:16:27.451662,Bangalore,27.32,26.13,24.7,29.33,1012,54,2.3,46,80,Clouds,broken clouds,2,46.18,75.35,722.83,5.58,101.31,28.76,9.0,6.0
2026-06-13 10:42:51.451662,Hyderabad,33.53,32.78,31.87,36.67,1012,50,5.27,151,64,Clouds,broken clouds,3,68.5,94.08,1102.91,7.94,66.67,3.86,10.0,6.0
2026-06-13 12:09:15.451662,Pune,31.95,31.62,29.77,33.78,1008,81,2.77,341,78,Drizzle,light intensity drizzle,3,75.24,120.77,240.15,17.51,59.86,11.39,12.0,6.0
2026-06-13 13:35:39.451662,Hyderabad,35.68,35.53,34.01,38.47,1012,79,8.76,270,89,Rain,heavy intensity rain,2,35.59,50.57,671.22,17.21,32.23,35.8,13.0,6.0
2026-06-13 15:02:03.451662,Mumbai,35.84,36.79,33.39,37.93,1006,88,7.28,159,67,Mist,mist,3,76.02,118.01,706.08,44.53,14.39,33.38,15.0,6.0
2026-06-13 16:28:27.451662,Chennai,33.24,32.49,31.39,35.16,1021,59,5.69,44,46,Clouds,overcast clouds,2,48.75,69.86,270.44,40.35,70.32,5.53,16.0,6.0
2026-06-13 17:54:51.451662,Mumbai,31.04,31.1,28.49,34.18,1011,86,2.91,184,89,Rain,moderate rain,3,77.73,105.2,625.49,12.25,117.57,21.45,17.0,6.0
2026-06-13 19:21:15.451662,Ahmedabad,32.91,30.95,30.21,36.01,1010,51,5.61,46,82,Clouds,scattered clouds,4,101.41,143.01,524.87,43.72,58.93,14.88,19.0,6.0
2026-06-13 20:47:39.451662,Bangalore,23.41,23.15,20.76,26.05,1014,84,8.25,168,87,Mist,mist,2,36.46,75.63,484.93,53.54,27.7,37.35,20.0,6.0
2026-06-13 22:14:03.451662,Delhi,23.94,24.12,20.52,25.92,1011,81,2.51,236,69,Clouds,broken clouds,4,116.22,174.83,554.0,46.58,77.69,14.22,22.0,6.0
2026-06-13 23:40:27.451662,Pune,20.91,21.77,17.82,22.92,1015,54,4.9,76,3,Clear,sunny,2,49.28,75.53,244.52,76.71,56.66,13.02,23.0,6.0
2026-06-14 01:06:51.451662,Chennai,31.28,30.72,29.27,34.01,1007,83,4.27,239,100,Rain,light rain,2,31.16,46.73,1112.6,59.79,101.16,30.35,1.0,6.0
2026-06-14 02:33:15.451662,Hyderabad,24.06,23.83,21.51,25.9,1007,68,7.26,279,34,Haze,haze,2,46.31,67.98,988.77,57.88,45.43,14.57,2.0,6.0
2026-06-14 03:59:39.451662,Chennai,32.17,32.09,30.57,35.33,1011,74,8.18,293,62,Clouds,scattered clouds,4,131.84,193.52,796.46,52.72,103.42,27.46,3.0,6.0
2026-06-14 05:26:03.451662,Ahmedabad,29.38,28.1,26.22,32.11,1021,52,6.36,198,53,Clouds,overcast clouds,5,241.68,365.73,269.65,37.02,14.35,38.67,5.0,6.0
2026-06-14 06:52:27.451662,Ahmedabad,30.45,28.61,27.43,33.61,1007,31,8.79,153,0,Clear,sunny,3,67.15,106.81,880.25,21.61,10.14,37.48,6.0,6.0
2026-06-14 08:18:51.451662,Ahmedabad,33.05,32.2,30.46,35.81,1009,61,8.63,128,57,Clouds,few clouds,2,42.14,54.82,714.5,40.11,91.46,33.64,8.0,6.0
2026-06-14 09:45:15.451662,Mumbai,34.62,33.44,33.06,37.19,1022,77,8.33,321,87,Drizzle,drizzle,2,55.86,95.92,370.33,47.14,18.51,38.08,9.0,6.0
2026-06-14 11:11:39.451662,Ahmedabad,38.07,36.82,35.02,41.48,1002,52,0.99,140,56,Clouds,scattered clouds,4,129.81,201.08,354.61,20.49,54.03,30.13,11.0,6.0
2026-06-14 12:38:03.451662,Chennai,40.28,40.26,38.73,43.72,1015,72,7.35,320,92,Rain,heavy intensity rain,2,40.04,50.28,1036.13,42.43,81.77,26.96,12.0,6.0
2026-06-14 14:04:27.451662,Hyderabad,35.12,34.8,33.26,38.54,1007,49,6.52,264,8,Clear,clear sky,3,71.17,109.06,579.65,32.03,53.09,32.15,14.0,6.0
2026-06-14 15:30:51.451662,Delhi,32.57,31.29,31.0,35.7,1016,69,1.42,112,70,Drizzle,drizzle,3,66.0,103.86,633.32,46.05,16.83,5.41,15.0,6.0
2026-06-14 16:57:15.451662,Ahmedabad,35.19,34.47,32.69,37.91,1013,23,8.11,66,13,Clear,sunny,4,120.36,192.91,345.04,6.1,78.73,6.44,16.0,6.0
2026-06-14 18:23:39.451662,Kolkata,31.74,31.53,28.66,33.75,1021,56,4.17,72,48,Haze,haze,4,126.62,196.85,639.77,57.3,79.74,6.36,18.0,6.0
2026-06-14 19:50:03.451662,Mumbai,31.78,32.53,29.15,33.73,1022,87,8.29,297,68,Drizzle,drizzle,2,36.83,43.33,339.78,10.64,14.94,8.15,19.0,6.0
2026-06-14 21:16:27.451662,Bangalore,21.42,21.33,19.64,23.46,1007,78,0.76,216,68,Mist,mist,2,33.53,58.64,701.0,31.27,94.91,25.65,21.0,6.0
2026-06-14 22:42:51.451662,Hyderabad,27.94,26.26,24.48,30.85,1016,52,6.85,353,63,Clouds,overcast clouds,5,206.94,321.35,963.42,63.1,83.89,13.09,22.0,6.0
2026-06-15 00:09:15.451662,Hyderabad,23.5,23.56,21.21,26.07,1019,85,5.77,73,86,Rain,light rain,2,32.3,44.86,265.48,70.37,90.38,14.06,0.0,6.0
2026-06-15 01:35:39.451662,Pune,21.48,21.55,18.49,24.89,1019,74,4.53,208,72,Drizzle,light intensity drizzle,2,55.88,96.5,893.73,72.24,26.16,10.73,1.0,6.0
2026-06-15 03:02:03.451662,Chennai,27.43,27.43,25.8,29.71,1017,73,1.57,252,54,Clouds,broken clouds,2,45.83,69.5,818.09,10.06,61.12,25.16,3.0,6.0
2026-06-15 04:28:27.451662,Kolkata,28.02,28.76,25.14,29.81,1010,93,5.44,83,91,Thunderstorm,thunderstorm with light rain,3,71.65,116.26,700.96,29.84,119.59,15.51,4.0,6.0
2026-06-15 05:54:51.451662,Pune,28.68,28.14,25.42,31.88,1013,29,7.37,184,8,Clear,sunny,2,49.05,69.87,809.56,56.13,65.61,28.38,5.0,6.0
2026-06-15 07:21:15.451662,Kolkata,32.73,32.48,29.36,35.19,1026,47,5.18,81,12,Clear,clear sky,4,146.47,213.39,609.98,67.89,30.37,23.08,7.0,6.0
2026-06-15 08:47:39.451662,Bangalore,29.25,29.89,26.36,32.65,992,72,2.87,207,18,Haze,haze,2,49.3,80.18,801.81,14.81,74.08,5.38,8.0,6.0
2026-06-15 10:14:03.451662,Pune,35.89,34.94,34.36,38.93,995,40,0.66,167,0,Clear,sunny,2,45.87,57.18,890.72,77.01,80.5,25.45,10.0,6.0
2026-06-15 11:40:27.451662,Hyderabad,33.55,32.92,31.13,36.63,1014,85,0.54,201,96,Drizzle,heavy intensity drizzle,3,83.43,127.47,927.9,77.67,72.65,10.94,11.0,6.0
2026-06-15 13:06:51.451662,Hyderabad,35.1,35.2,31.88,37.6,1017,84,5.48,32,71,Mist,mist,4,146.83,220.86,907.89,18.7,22.79,33.86,13.0,6.0
2026-06-15 14:33:15.451662,Chennai,37.29,37.6,34.52,39.53,1014,89,6.69,344,83,Drizzle,heavy intensity drizzle,3,73.65,116.65,568.91,58.64,50.64,18.08,14.0,6.0
2026-06-15 15:59:39.451662,Pune,32.45,31.47,30.61,34.87,1027,37,5.58,164,5,Clear,clear sky,3,88.55,126.29,710.26,14.77,59.74,5.45,15.0,6.0
2026-06-15 17:26:03.451662,Delhi,30.82,29.52,27.87,32.61,1019,33,2.36,351,7,Clear,clear sky,1,26.93,37.39,909.4,9.61,111.08,5.08,17.0,6.0
2026-06-15 18:52:27.451662,Bangalore,25.97,27.07,24.43,28.89,1017,77,6.5,320,81,Rain,heavy intensity rain,2,45.87,71.6,1077.05,33.58,74.89,35.08,18.0,6.0
2026-06-15 20:18:51.451662,Hyderabad,27.39,26.73,25.52,29.14,1028,75,0.82,201,98,Thunderstorm,thunderstorm with rain,5,292.52,436.25,1106.02,31.99,16.93,24.82,20.0,6.0
2026-06-15 21:45:15.451662,Ahmedabad,28.86,28.21,26.2,31.56,1009,76,1.99,206,74,Drizzle,light intensity drizzle,2,58.28,87.87,1189.55,23.25,102.2,19.87,21.0,6.0
2026-06-15 23:11:39.451662,Bangalore,18.54,18.77,16.36,21.07,1011,92,7.71,288,67,Mist,mist,1,24.82,35.21,741.43,51.08,62.82,24.76,23.0,6.0
2026-06-16 00:38:03.451662,Hyderabad,24.87,24.8,22.66,26.46,1016,73,8.88,155,84,Drizzle,light intensity drizzle,2,30.69,37.61,924.21,25.26,69.67,39.71,0.0,6.0
2026-06-16 02:04:27.451662,Pune,23.01,23.31,19.85,26.19,1019,67,5.23,247,47,Clouds,broken clouds,2,30.34,35.36,511.38,6.52,94.51,17.24,2.0,6.0
2026-06-16 03:30:51.451662,Hyderabad,27.34,27.46,24.71,29.7,1014,84,0.45,308,72,Mist,mist,1,13.86,24.95,1024.46,59.39,103.81,8.6,3.0,6.0
2026-06-16 04:57:15.451662,Kolkata,28.4,28.07,26.55,31.16,1000,55,1.37,193,38,Haze,haze,4,145.05,214.57,1157.49,39.4,32.91,28.87,4.0,6.0
2026-06-16 06:23:39.451662,Delhi,27.52,28.59,24.39,29.55,1007,68,4.77,111,42,Haze,haze,3,60.85,94.22,751.6,25.55,97.59,8.59,6.0,6.0
2026-06-16 07:50:03.451662,Hyderabad,29.26,29.97,26.98,31.91,1001,86,8.97,258,60,Mist,mist,3,66.57,97.29,1190.4,23.95,61.87,15.45,7.0,6.0
2026-06-16 09:16:27.451662,Pune,33.04,33.88,30.73,35.64,1016,81,8.5,223,81,Mist,mist,1,29.91,63.09,1054.22,79.87,30.09,28.38,9.0,6.0
2026-06-16 10:42:51.451662,Delhi,33.61,33.68,32.07,35.42,1002,81,7.1,237,69,Drizzle,heavy intensity drizzle,3,63.09,107.65,1007.51,41.11,82.03,9.19,10.0,6.0
2026-06-16 12:09:15.451662,Ahmedabad,34.06,33.56,31.2,35.77,1015,85,7.89,179,87,Rain,moderate rain,3,88.24,142.22,1093.89,49.1,77.64,29.22,12.0,6.0
2026-06-16 13:35:39.451662,Chennai,37.27,37.73,34.15,39.31,1003,70,7.97,55,13,Haze,haze,1,20.25,29.24,271.24,68.89,95.23,12.02,13.0,6.0
2026-06-16 15:02:03.451662,Ahmedabad,33.75,34.12,31.32,37.18,1022,80,7.95,144,72,Drizzle,light intensity drizzle,3,77.16,120.54,571.8,51.35,73.3,16.98,15.0,6.0
2026-06-16 16:28:27.451662,Pune,29.3,29.45,27.16,32.65,1017,70,1.3,86,86,Rain,light rain,3,79.51,122.73,231.16,25.35,34.0,3.89,16.0,6.0
2026-06-16 17:54:51.451662,Chennai,30.49,29.51,27.49,32.35,1005,30,0.69,241,11,Clear,clear sky,2,43.56,58.91,348.7,59.29,30.54,30.06,17.0,6.0
2026-06-16 19:21:15.451662,Mumbai,26.56,26.43,23.42,29.35,1021,62,3.8,284,60,Haze,haze,3,82.82,126.96,755.24,74.96,46.8,38.77,19.0,6.0
2026-06-16 20:47:39.451662,Delhi,25.09,24.81,23.47,27.54,1018,66,2.65,82,46,Clouds,overcast clouds,5,228.87,348.66,472.83,78.37,84.17,37.4,20.0,6.0
2026-06-16 22:14:03.451662,Hyderabad,26.09,26.27,23.19,29.06,1018,86,6.06,64,80,Drizzle,drizzle,2,54.29,88.79,994.34,31.92,115.22,39.76,22.0,6.0
2026-06-16 23:40:27.451662,Bangalore,21.8,22.01,18.93,23.58,1001,85,2.43,162,84,Mist,mist,1,25.99,60.25,420.0,74.05,88.74,30.01,23.0,6.0
2026-06-17 01:06:51.451662,Chennai,28.31,28.09,24.97,31.7,1008,83,4.51,112,84,Mist,mist,3,87.02,144.08,528.2,40.08,84.99,36.65,1.0,6.0
2026-06-17 02:33:15.451662,Ahmedabad,27.38,27.05,24.91,29.49,1015,67,3.03,28,58,Clouds,few clouds,5,208.17,308.66,276.44,48.51,25.16,3.59,2.0,6.0
2026-06-17 03:59:39.451662,Bangalore,24.68,23.54,22.68,26.37,1008,27,3.99,261,0,Clear,clear sky,2,32.56,46.6,1024.68,10.89,74.09,26.32,3.0,6.0
2026-06-17 05:26:03.451662,Hyderabad,29.41,28.89,27.61,30.99,1000,45,0.85,231,4,Clear,sunny,3,81.93,133.11,427.7,72.19,47.57,13.75,5.0,6.0
2026-06-17 06:52:27.451662,Pune,26.6,27.09,24.23,28.43,1015,56,3.07,144,3,Clear,sunny,2,49.8,84.27,913.89,5.98,44.74,31.63,6.0,6.0
2026-06-17 08:18:51.451662,Bangalore,30.29,30.39,27.4,33.64,1005,86,1.85,247,69,Mist,mist,4,124.14,201.07,767.76,37.22,99.99,32.19,8.0,6.0
2026-06-17 09:45:15.451662,Hyderabad,33.04,32.83,30.41,35.42,1013,91,1.41,315,80,Mist,mist,5,239.89,354.84,870.61,21.91,36.44,23.84,9.0,6.0
2026-06-17 11:11:39.451662,Kolkata,38.09,38.85,35.15,40.69,998,92,7.14,248,85,Mist,mist,4,149.41,223.11,719.45,55.12,97.95,10.65,11.0,6.0
2026-06-17 12:38:03.451662,Chennai,37.6,37.46,35.65,40.69,1005,84,8.86,155,82,Rain,light rain,3,70.93,102.76,519.14,12.85,88.84,13.39,12.0,6.0
2026-06-17 14:04:27.451662,Kolkata,34.95,34.64,33.32,36.85,1022,72,4.19,323,50,Clouds,broken clouds,5,272.34,403.43,922.85,67.12,40.5,27.99,14.0,6.0
2026-06-17 15:30:51.451662,Chennai,37.44,36.17,34.82,39.19,1011,58,8.56,41,44,Clouds,broken clouds,2,35.28,53.07,842.73,16.65,55.58,25.91,15.0,6.0
2026-06-17 16:57:15.451662,Kolkata,34.53,34.48,32.08,37.74,1011,81,5.1,76,70,Drizzle,heavy intensity drizzle,4,147.16,219.77,1020.83,48.28,34.48,3.52,16.0,6.0
2026-06-17 18:23:39.451662,Chennai,32.38,31.75,29.82,34.59,1014,52,2.41,350,70,Clouds,overcast clouds,1,20.75,26.35,854.58,42.81,90.01,20.21,18.0,6.0
2026-06-17 19:50:03.451662,Hyderabad,27.37,27.3,24.27,29.55,1022,70,2.53,284,34,Haze,haze,2,49.51,70.58,456.97,28.03,75.78,8.53,19.0,6.0
2026-06-17 21:16:27.451662,Hyderabad,26.93,27.33,24.66,29.52,1018,88,5.63,87,57,Mist,mist,2,58.8,72.59,1011.17,30.77,112.39,6.54,21.0,6.0
2026-06-17 22:42:51.451662,Kolkata,27.59,26.79,25.89,29.76,1014,55,4.49,39,64,Clouds,few clouds,3,80.61,117.16,830.24,31.93,21.57,14.27,22.0,6.0
2026-06-18 00:09:15.451662,Pune,21.28,22.2,18.48,22.9,1020,83,2.2,181,80,Mist,mist,3,66.21,110.49,859.06,47.41,11.15,9.78,0.0,6.0
2026-06-18 01:35:39.451662,Hyderabad,24.07,25.22,22.55,27.17,1009,94,5.27,80,79,Rain,light rain,3,71.26,106.01,789.44,9.15,15.57,35.56,1.0,6.0
2026-06-18 03:02:03.451662,Kolkata,26.8,27.49,25.13,29.49,1017,91,6.27,127,70,Drizzle,light intensity drizzle,4,132.53,199.7,594.11,49.89,51.15,16.25,3.0,6.0
2026-06-18 04:28:27.451662,Kolkata,29.66,29.62,26.33,31.81,1004,51,8.13,22,18,Clear,clear sky,3,82.95,123.43,642.03,19.42,59.5,7.97,4.0,6.0
2026-06-18 05:54:51.451662,Hyderabad,31.61,30.15,28.5,34.34,1012,32,1.48,52,1,Clear,sunny,3,74.06,105.98,515.61,74.02,116.66,12.84,5.0,6.0
2026-06-18 07:21:15.451662,Kolkata,32.88,33.05,30.44,35.32,1001,65,6.41,44,63,Haze,haze,2,59.2,94.09,1081.89,61.22,69.11,19.56,7.0,6.0
2026-06-18 08:47:39.451662,Chennai,35.64,35.48,32.67,37.95,1024,90,5.76,16,82,Mist,mist,3,86.68,131.02,604.83,78.62,27.38,27.52,8.0,6.0
2026-06-18 10:14:03.451662,Kolkata,35.33,35.12,32.34,38.53,1004,76,4.3,90,68,Mist,mist,5,215.37,333.66,1155.48,28.51,109.27,10.7,10.0,6.0
2026-06-18 11:40:27.451662,Bangalore,30.96,29.55,27.67,33.05,1013,65,6.66,310,77,Drizzle,light intensity drizzle,2,51.38,65.13,1163.16,42.39,77.74,14.73,11.0,6.0
2026-06-18 13:06:51.451662,Chennai,38.22,37.9,34.85,41.28,1019,57,5.9,51,76,Clouds,scattered clouds,3,70.85,115.75,573.73,15.41,106.93,30.49,13.0,6.0
2026-06-18 14:33:15.451662,Delhi,34.42,35.41,32.0,36.19,1021,94,3.04,292,87,Rain,heavy intensity rain,4,99.61,146.22,1048.58,27.16,80.57,3.94,14.0,6.0
2026-06-18 15:59:39.451662,Chennai,34.92,34.02,32.77,36.6,1026,55,2.18,290,66,Clouds,scattered clouds,5,194.84,286.6,479.02,15.82,46.44,24.19,15.0,6.0
2026-06-18 17:26:03.451662,Delhi,29.02,30.07,26.31,31.51,1009,95,8.24,105,95,Rain,light rain,3,78.14,117.68,743.15,27.98,86.27,3.7,17.0,6.0
2026-06-18 18:52:27.451662,Pune,24.43,23.26,22.05,26.58,1020,33,3.0,333,5,Clear,sunny,2,33.01,52.64,827.42,41.08,100.99,33.65,18.0,6.0
2026-06-18 20:18:51.451662,Ahmedabad,30.04,30.31,27.87,32.06,1006,85,8.62,92,85,Rain,light rain,2,45.22,78.08,377.06,37.53,78.24,2.99,20.0,6.0
2026-06-18 21:45:15.451662,Bangalore,20.79,20.58,18.96,23.84,998,76,7.79,33,95,Rain,light rain,1,20.14,30.44,504.07,54.56,40.69,30.98,21.0,6.0
2026-06-18 23:11:39.451662,Bangalore,21.65,20.47,18.31,23.21,1005,49,0.3,236,80,Clouds,overcast clouds,3,68.5,113.94,1052.78,62.54,47.43,2.08,23.0,6.0
2026-06-19 00:38:03.451662,Ahmedabad,24.68,24.71,21.4,26.32,1019,89,7.57,50,77,Mist,mist,3,70.08,108.63,899.69,77.55,99.22,4.94,0.0,6.0
2026-06-19 02:04:27.451662,Chennai,30.12,29.67,26.76,32.62,1020,39,8.03,250,3,Clear,sunny,3,85.43,126.67,268.62,53.07,95.5,19.83,2.0,6.0
2026-06-19 03:30:51.451662,Hyderabad,26.66,26.51,25.04,30.06,1012,91,5.63,291,84,Mist,mist,2,50.45,76.69,971.82,21.31,34.6,12.45,3.0,6.0
2026-06-19 04:57:15.451662,Delhi,29.15,27.96,26.25,32.34,1022,42,5.48,303,2,Clear,clear sky,5,268.16,396.12,771.74,28.41,92.04,9.86,4.0,6.0
2026-06-19 06:23:39.451662,Chennai,34.96,36.16,31.91,37.93,1001,87,8.72,105,82,Mist,mist,3,64.32,99.05,670.21,14.51,18.84,9.25,6.0,6.0
2026-06-19 07:50:03.451662,Bangalore,26.0,27.03,22.71,29.26,1009,77,3.99,99,84,Drizzle,drizzle,2,41.11,69.06,461.79,14.45,34.65,6.03,7.0,6.0
2026-06-19 09:16:27.451662,Bangalore,30.92,31.67,27.97,33.08,1004,82,6.12,127,71,Drizzle,light intensity drizzle,1,17.98,20.9,240.17,34.81,114.26,11.49,9.0,6.0
2026-06-19 10:42:51.451662,Pune,32.58,33.14,30.59,35.27,1022,89,7.21,349,92,Drizzle,drizzle,1,11.78,18.76,360.61,78.21,44.66,18.3,10.0,6.0
2026-06-19 12:09:15.451662,Bangalore,31.86,31.26,30.31,34.05,1006,41,6.38,59,4,Clear,sunny,1,24.82,41.94,688.99,28.25,27.78,25.22,12.0,6.0
2026-06-19 13:35:39.451662,Delhi,35.68,34.4,33.98,37.72,1007,54,3.87,89,60,Clouds,few clouds,3,83.16,130.53,663.33,42.35,69.64,13.42,13.0,6.0
2026-06-19 15:02:03.451662,Kolkata,36.31,36.15,33.93,39.45,1012,85,7.09,41,87,Rain,heavy intensity rain,3,87.66,128.68,446.71,37.31,82.04,8.04,15.0,6.0
2026-06-19 16:28:27.451662,Mumbai,35.82,36.32,32.83,38.47,1020,96,1.99,224,94,Rain,moderate rain,1,12.7,11.56,694.24,7.15,77.85,17.63,16.0,6.0
2026-06-19 17:54:51.451662,Kolkata,32.29,33.06,30.6,34.61,1008,82,8.5,283,89,Drizzle,drizzle,5,155.07,240.13,1124.24,19.93,80.38,26.49,17.0,6.0
2026-06-19 19:21:15.451662,Ahmedabad,29.99,29.64,26.73,32.18,1013,87,7.75,103,94,Rain,light rain,3,64.03,116.9,849.66,19.35,55.31,8.47,19.0,6.0
2026-06-19 20:47:39.451662,Ahmedabad,27.35,27.71,24.51,29.41,1019,94,4.85,246,92,Rain,moderate rain,2,37.7,63.54,521.14,23.52,54.99,27.08,20.0,6.0
2026-06-19 22:14:03.451662,Chennai,29.59,28.33,26.98,32.64,1021,35,1.04,122,17,Clear,clear sky,4,128.83,196.52,960.05,38.36,89.88,27.93,22.0,6.0
2026-06-19 23:40:27.451662,Hyderabad,26.4,26.73,24.21,29.25,1014,69,2.08,275,48,Clouds,scattered clouds,1,27.41,39.43,716.11,24.74,82.93,37.91,23.0,6.0
2026-06-20 01:06:51.451662,Ahmedabad,29.59,29.62,26.13,32.98,1022,81,8.76,228,85,Drizzle,heavy intensity drizzle,4,136.41,199.66,517.56,16.14,10.48,38.87,1.0,6.0
2026-06-20 02:33:15.451662,Kolkata,26.63,26.87,25.07,30.07,1030,88,6.01,289,85,Thunderstorm,thunderstorm with heavy rain,2,32.82,43.35,472.72,54.36,50.06,28.69,2.0,6.0
2026-06-20 03:59:39.451662,Bangalore,21.54,21.68,19.83,24.83,1018,64,7.19,182,33,Haze,haze,1,25.72,38.88,369.47,10.14,108.68,9.61,3.0,6.0
2026-06-20 05:26:03.451662,Hyderabad,27.05,25.74,24.54,29.25,1012,49,8.75,140,82,Clouds,broken clouds,2,53.13,82.3,228.91,78.62,78.73,21.03,5.0,6.0
2026-06-20 06:52:27.451662,Chennai,35.14,33.64,31.96,38.08,1020,39,8.1,67,61,Clouds,scattered clouds,3,61.35,98.86,645.28,78.75,42.59,11.13,6.0,6.0
2026-06-20 08:18:51.451662,Pune,28.52,29.31,25.9,30.27,1022,84,1.95,266,70,Drizzle,drizzle,1,27.8,47.84,805.46,58.39,45.31,28.56,8.0,6.0
2026-06-20 09:45:15.451662,Hyderabad,36.58,37.42,34.64,38.69,1007,94,1.43,56,72,Mist,mist,1,21.86,33.89,221.59,33.76,17.56,32.1,9.0,6.0
2026-06-20 11:11:39.451662,Pune,33.51,32.83,30.35,35.55,1027,56,8.16,289,58,Clouds,few clouds,2,31.6,38.23,808.4,61.47,90.81,2.75,11.0,6.0
2026-06-20 12:38:03.451662,Bangalore,30.26,30.62,27.68,32.1,1005,98,0.49,182,89,Rain,light rain,2,59.38,91.56,268.41,69.13,97.67,31.43,12.0,6.0
2026-06-20 14:04:27.451662,Ahmedabad,36.36,35.43,34.19,38.52,1023,34,8.11,104,10,Clear,sunny,3,73.49,113.18,358.78,20.46,119.12,30.62,14.0,6.0
2026-06-20 15:30:51.451662,Chennai,37.55,37.65,35.09,40.1,1016,72,1.51,301,92,Rain,light rain,2,39.96,70.71,936.56,64.48,34.28,26.65,15.0,6.0
2026-06-20 16:57:15.451662,Kolkata,33.71,34.31,31.59,35.29,1011,88,5.95,328,89,Rain,moderate rain,2,51.48,80.73,603.08,79.77,29.07,7.53,16.0,6.0
2026-06-20 18:23:39.451662,Chennai,35.8,35.88,33.48,38.13,1013,91,8.7,262,84,Rain,moderate rain,2,57.64,75.28,381.06,47.88,47.8,18.02,18.0,6.0
2026-06-20 19:50:03.451662,Kolkata,28.72,28.95,26.42,31.05,1004,83,2.74,296,93,Thunderstorm,thunderstorm with rain,4,141.48,213.99,561.0,67.32,115.92,37.53,19.0,6.0
2026-06-20 21:16:27.451662,Kolkata,29.97,29.56,27.7,31.64,1014,91,5.85,332,97,Thunderstorm,thunderstorm with heavy rain,4,100.63,151.48,213.76,45.95,18.32,12.88,21.0,6.0
2026-06-20 22:42:51.451662,Delhi,25.95,25.74,22.85,29.02,1020,76,1.96,14,86,Drizzle,drizzle,4,119.06,179.88,362.97,45.07,41.43,10.16,22.0,6.0
2026-06-21 00:09:15.451662,Hyderabad,26.18,26.08,23.52,29.43,1010,80,1.33,119,76,Mist,mist,2,57.6,92.31,579.91,76.86,17.02,31.4,0.0,6.0
2026-06-21 01:35:39.451662,Delhi,24.03,23.2,21.06,26.71,1018,82,0.41,310,80,Mist,mist,4,136.64,213.2,204.76,61.19,15.67,38.1,1.0,6.0
2026-06-21 03:02:03.451662,Ahmedabad,26.91,26.75,23.87,29.11,1016,51,3.54,134,44,Clouds,broken clouds,3,89.88,137.18,431.08,53.71,36.71,19.51,3.0,6.0
2026-06-21 04:28:27.451662,Bangalore,21.52,21.32,19.17,23.59,995,63,8.17,19,57,Haze,haze,1,17.74,11.44,1159.86,41.89,68.3,6.97,4.0,6.0
2026-06-21 05:54:51.451662,Kolkata,30.27,30.69,27.88,32.68,1008,71,7.04,198,25,Haze,haze,4,146.3,212.33,1073.21,17.8,34.17,15.28,5.0,6.0
2026-06-21 07:21:15.451662,Kolkata,32.3,32.17,29.55,34.68,1001,85,3.71,86,76,Drizzle,drizzle,4,101.53,151.33,278.9,6.83,37.64,5.48,7.0,6.0
2026-06-21 08:47:39.451662,Chennai,38.23,37.16,34.78,40.01,1011,70,3.27,104,82,Drizzle,light intensity drizzle,2,42.03,60.29,743.93,65.07,90.15,38.66,8.0,6.0
2026-06-21 10:14:03.451662,Bangalore,29.28,29.85,26.91,31.9,1017,84,8.24,123,84,Drizzle,drizzle,2,34.06,48.11,603.49,23.17,107.98,36.75,10.0,6.0
2026-06-21 11:40:27.451662,Bangalore,33.55,33.9,31.42,35.29,1005,48,3.0,352,11,Clear,sunny,3,74.17,109.65,1199.3,49.23,84.93,27.93,11.0,6.0
2026-06-21 13:06:51.451662,Hyderabad,35.83,35.94,33.23,38.91,1011,72,2.16,157,60,Haze,haze,3,78.21,111.1,1187.2,53.36,88.69,5.67,13.0,6.0
2026-06-21 14:33:15.451662,Ahmedabad,34.91,34.71,33.39,38.17,1024,76,4.17,357,89,Rain,heavy intensity rain,3,86.57,119.94,695.54,57.07,17.62,30.32,14.0,6.0
2026-06-21 15:59:58.263135,Delhi,41.69,41.47,41.69,41.69,998,19,1.95,269,5,Clear,clear sky,2,14.26,35.48,111.47,0.71,90.72,0.62,,
2026-06-21 15:59:59.263617,Mumbai,30.77,36.15,30.77,30.77,1006,67,5.25,244,16,Clouds,few clouds,1,0.53,0.85,63.32,0.04,32.73,0.04,,
2026-06-21 16:00:00.399877,Bangalore,29.3,32.07,28.62,30.28,1009,63,1.34,135,100,Clouds,overcast clouds,2,12.81,15.55,207.5,6.99,53.06,2.27,,
2026-06-21 16:00:01.407431,Chennai,33.12,40.12,31.13,33.33,1006,71,0.89,94,100,Clouds,overcast clouds,2,18.7,22.05,247.56,10.75,58.94,10.31,,
2026-06-21 16:00:02.418180,Kolkata,36.89,42.65,36.89,36.89,1001,44,7.69,179,87,Rain,light rain,4,60.57,63.27,315.66,2.32,120.31,2.0,,
2026-06-21 16:00:03.381619,Hyderabad,35.09,35.25,35.09,35.09,1005,32,3.17,257,90,Clouds,overcast clouds,2,11.4,13.39,120.91,2.96,83.85,7.63,,
2026-06-21 16:00:04.851066,Pune,30.94,32.71,30.94,30.94,1007,51,5.9,271,88,Clouds,overcast clouds,1,4.18,4.67,82.71,0.57,55.56,0.52,,
2026-06-21 16:00:05.948680,Ahmedabad,40.04,41.54,40.04,40.04,1002,26,4.32,243,10,Clear,clear sky,2,3.21,6.0,88.76,0.78,62.08,0.88,,
